f1,f2,f3,m1,m2,m3,m4,m5,zone
28.664325726195518,170.7514836142317,546.9816862375162,0.008567239377347827,0.06971355266898834,0.5941559265959305,0.37163178379924516,0.7098839166686634,1
25.32553609762944,162.2695136162494,464.38478688576856,0.00852741963442353,0.06939390341441685,0.5915319533252537,0.37193115564289486,0.711947282416781,1
29.116777029629656,173.5765569880897,506.4658002971558,0.009358611132773087,0.07287054300403574,0.5981558192194929,0.3756414440936099,0.7040635069175843,0
29.492669786499498,175.73933624343502,537.5268097899421,0.008375344204287927,0.06816191388773786,0.5997716422853977,0.36905124968956576,0.7066533515928917,1
28.11097509937722,206.04261975414462,491.8065915770604,-0.008081144101366247,-0.0678598426416288,-0.6010894360698755,-0.37200504398201145,-0.7040124103762709,0
24.994269050647674,185.71350615547715,519.40091028679,0.008492420696804795,0.06910807152031666,0.5985099500307982,0.37076188795422715,0.706734331553378,1
26.976112971125453,186.0397555053129,530.9719538383764,0.008252453352761336,0.06716536199416015,0.6004764778625412,0.3697635468071849,0.7057787402211985,1
28.26639411873602,198.10043250533454,517.688391605335,0.008335573063198485,0.06784047616694887,0.6001997226359114,0.36846976310694896,0.7066247339563155,1
26.54418883568631,178.67222112985405,505.30385627521935,0.008596117206783835,0.06994592398966289,0.5960734477426879,0.3719574463386165,0.7080803467796575,2
27.57616136602642,157.35873730222232,458.815998768603,0.00856407127211363,0.06968682822305006,0.5939064179263076,0.3708819406068308,0.7104872662709097,2
28.872914814821332,178.48601638447474,576.7565874063598,-0.00851952234875973,-0.06932888367416756,-0.5909650539191708,-0.3706986723040852,-0.7130664225903102,1
34.19859880555861,188.33733203891833,499.9295152491645,0.008610676673907466,0.07006353451760661,0.5970545260863744,0.37242430651454955,0.7069957469285435,2
30.172036551221236,197.72595991746527,457.71668090137456,0.008606224494748984,0.07002746324262211,0.596751019244711,0.37223502902329514,0.7073552088520834,2
26.00906750223665,164.387890871583,482.63134118874103,0.008254193268814842,0.06717944181126605,0.600460726291383,0.36977687467250875,0.7057837983621219,1
35.768881894139106,198.04882350579396,462.40586299765965,0.00860654187240072,0.07003003763853916,0.5967727560737984,0.3722485855441104,0.7073294772832779,2
33.340839314120274,178.04152831473093,541.622435724505,0.00848071800148045,0.06901811044162262,0.5884285793392834,0.37160138432781686,0.7147228805877494,1
27.60548349837083,170.54488671396408,534.9858105900094,0.009320381687945986,0.07272764645446163,0.598107853289511,0.3754817804606856,0.7042046920476122,0
28.201679771583553,177.01256855653952,581.493564406105,0.008338190698872929,0.06786163278934684,0.6001715555338554,0.36850804099714557,0.7066266348076272,1
29.956414330305332,181.5026221145832,490.21352052797397,0.008527967777983203,0.06939831386488905,0.5915683689734682,0.3719349939607373,0.7119145825840238,1
30.58695356481835,175.47281884626622,532.8190623197959,0.009665529971436989,0.07401746433653343,0.5985386808661993,0.37692200496446393,0.7029290449142642,0
31.328097969952232,190.11836679110664,442.22493972479333,0.008455674046331343,0.0688165701897213,0.5867637535284584,0.3714223153371011,0.7162028640396286,1
26.86251639316611,179.434830426441,446.3286983697093,-0.008190066571716881,-0.07146254399034292,-0.5995087936760993,-0.374845127400629,-0.7034958168923349,0
25.74639923430652,172.37891957423255,511.231493696756,0.008612044321812158,0.07007465402275867,0.5971490603505996,0.37248327006214127,0.7068837166057793,2
30.18185137284499,187.68108900097494,570.7546641787028,0.008424147587609778,0.06855633386185944,0.5992459833724417,0.3697645322281869,0.7066876997252103,1
27.869369153389123,186.13060770866122,487.7741677626247,0.008228974615458871,0.06697536379400662,0.600689013467955,0.36958367991596874,0.7057104202575617,1
25.7912712333208,154.01047850821325,514.5670562930037,0.00842089052251832,0.06852827130181884,0.5989507049677771,0.3710529183812869,0.706265353400919,1
27.31760332191832,193.01863290588318,480.01547430566325,0.008417730717731744,0.06850447502757212,0.5993151218215043,0.3696707634256357,0.7066832318197056,1
30.27511699882737,172.48839193270726,477.6622119327197,0.008575264588675812,0.06977824423463512,0.5946924682246828,0.3717882750566061,0.7093460426590351,1
26.866458196789665,171.6541684353145,571.2072571561367,0.00861110525663761,0.07006701906084348,0.5970841504984907,0.37244278405218323,0.7069606435560192,2
29.6179345707477,181.2031358009711,515.1034584831605,0.008433894741730901,0.06863510620361614,0.599140949697138,0.3699069564326349,0.706694458443435,1
27.35205201411482,178.63126366348928,484.91048892974226,0.008437364769995551,0.06934829478395925,0.5984915341905661,0.3723513174682646,0.7058909297959318,0
28.832347132254597,171.20485524278917,529.5450144886353,0.008598474822103332,0.06996460197858267,0.5962202494307034,0.37190400590557976,0.7079829413629147,2
28.737588146466194,174.41862713293102,538.9914555002675,-0.00853908119501741,-0.06948656070206527,-0.5922731036829112,-0.37108169101774535,-0.7117651657810778,1
25.188299330470823,180.57326054405124,488.5151561987291,0.008287240514773333,0.06744982573453076,0.6007196019464592,0.3677628425473166,0.7065891975765246,1
30.142984972715105,180.8039326867883,581.6714687093184,0.008610272919791113,0.07006025184033544,0.5970266178665786,0.3724068994123043,0.7070288135155621,2
29.21887510443302,180.83410416855398,514.6786196022756,0.008291492366124165,0.06748126855189375,0.6001230086316282,0.37006254307752234,0.7058920726788829,1
34.8493484911282,186.16125994266628,530.6468358655058,0.008481730440189862,0.06902625771506722,0.5884958731684237,0.3716085908404626,0.7146629264708596,1
29.942449154979712,197.3158450125292,519.643020721147,0.00861197163592906,0.07007406305861887,0.5971440361765905,0.3724801363503718,0.7068896715288305,2
27.01066634211404,163.53250514107282,531.4722495699801,0.008298509286145641,0.06753804854604374,0.6000594652985416,0.37011627504561573,0.7059124080183082,1
26.659002155428947,191.44517843045077,531.7045682649402,0.008611535764668336,0.07007051925713255,0.5971139079780272,0.3724613445877117,0.7069253789969148,2
28.873623128694554,198.2287553492354,502.54411908980865,-0.008314341561725148,-0.06883427898630734,-0.5993894195288804,-0.37223212096424185,-0.7052434229683564,0
31.017365508012176,159.97121022906347,569.4075472913612,0.008282834074781652,0.06741120619364914,0.6002014114353174,0.3699962381371449,0.7058669658049036,1
24.775011505092014,189.9759719773802,497.40061205846285,0.00829585344330785,0.06751655786647782,0.6000835162646733,0.3700959383235921,0.7059047125308878,1
31.159146052387396,177.3278271809113,471.6496605238192,0.00859899148919045,0.06996916251615667,0.5962677996340094,0.372053859667042,0.7078636946959707,2
23.649503182550845,189.13241746773753,443.6123908635421,-0.007915217224543818,-0.07235576380601198,-0.6009888575862038,-0.3763454787556164,-0.7013404782684175,0
29.271067849523423,170.47509168870042,539.584553128309,-0.008227011507582942,-0.06846937643277398,-0.600026361382802,-0.37214725680182803,-0.7047829777123952,0
28.899356493038812,195.9230320533553,435.8324831856721,-0.008334828555648805,-0.0689198800644548,-0.5992399450779852,-0.3722519993471462,-0.7053513436365133,0
26.11935867128525,164.84335339946745,518.4314024943362,0.010210567318493007,0.0760529024338137,0.5992088754371512,0.37919051999794473,0.7009101037133509,0
29.481626075653946,168.9486185501286,540.0925071061887,0.008341144505327917,0.06788550638935778,0.6001397697006795,0.36855123373678045,0.7066287768448962,1
32.59145126989127,182.41343091539002,461.4568804765103,0.008595520660180492,0.06994110091071204,0.5960331104232977,0.3719374350423321,0.708125296202048,2
28.136856411859526,182.60018443471995,462.4817094569119,0.008611999868721479,0.07007429260201087,0.5971459876744054,0.37248135355185846,0.7068873585198161,2
30.712647732168705,164.96007388724715,505.7967817139676,0.008610515461287587,0.07006222379656428,0.5970433827767637,0.3724173561347214,0.7070089502632015,2
32.83368100910955,178.78238121304037,532.0378805363251,0.0085666864302687,0.06970909530363918,0.5941189570397423,0.3716209966473199,0.709920948875588,1
30.45536074309127,196.65690025773085,530.1898165115762,0.008293200888380096,0.06749509372947231,0.6001075370078015,0.3700756263435862,0.7058970250357394,1
30.557092504136094,183.03828791993644,469.4913551502964,0.008336501776848955,0.06784798235315928,0.6001897293322711,0.36848334385404724,0.7066254086394892,1
25.128418339751757,161.20597530750166,439.0981383714496,0.008585551683295419,0.06986050128026336,0.5953590124006445,0.3716029692241517,0.7088756437347015,2
28.77891895570892,165.07407640851213,435.9747982869197,0.010893488097155866,0.07860093969809107,0.6000312357193283,0.38202298294056725,0.6983725229861074,0
27.558574958160936,199.0465999038347,535.7452174678682,-0.008119551379602765,-0.06802033900871111,-0.6008096239007427,-0.3720425453354849,-0.7042154831122899,0
29.107219843455702,180.23878990649678,494.0295661392546,0.008448776480141439,0.06875537255059747,0.5989805560144962,0.37012438429657113,0.7067047124415304,1
26.129518076202917,185.46703503979333,487.9020611927651,0.008470261901743402,0.06892900315171381,0.5987489232922839,0.3704382470726888,0.7067193779357344,1
27.750047721844716,170.0616127662104,465.4036871186537,0.008565162716895133,0.06969565285140722,0.5939802291805472,0.37091858829882257,0.7104055476685711,2
31.346605030957978,180.8512394053832,540.4795035539848,0.008595887106425375,0.06994406362879764,0.5960578888185233,0.3719497276120464,0.7080976853474905,2
26.09436813324634,170.85032308525476,586.7409166058959,0.008490530319694363,0.06909279527196599,0.5985303401625053,0.3707342803231171,0.7067330626443429,1
31.66867657362145,165.49370736880434,540.9406456360109,-0.008244972317301083,-0.06710817461822753,-0.6011739353658456,-0.3671443868891193,-0.706557437115661,1
29.778081902121315,190.8246904835742,568.9350106685281,0.008610337783005306,0.07006077920364283,0.5970311013373569,0.37240969587223033,0.7070235015591042,2
31.90197697743023,185.36680245781645,489.41637582166794,0.008288599390796706,0.06745785884831786,0.6001492057183103,0.3700403892729244,0.7058836855900291,1
27.171399087457484,178.15612868862394,525.0157903217972,0.008583381107687561,0.0698436708460628,0.5952350820578696,0.37194641656574995,0.7088012750432705,1
31.877100978735353,169.43164021257562,518.6259809259284,0.008585489965523689,0.06986000228661211,0.595354838984965,0.3716008982353938,0.7088802843713465,2
28.285301669710208,191.73801220324071,533.9090106089216,0.008598367223020547,0.06996411534059534,0.5962255885021217,0.3720329203552381,0.707910760218375,2
27.743734162393974,188.5586652039969,508.7355213395167,-0.007964773145538348,-0.07219496264932289,-0.6007228489976538,-0.37607556832443295,-0.7017290612183592,0
29.222170181844767,199.65802133170314,543.0303904252419,0.008611706848279159,0.0700719102330306,0.5971257335871132,0.3724687205360868,0.7069113639005359,2
27.252098634688654,196.58226209661413,531.7208943622095,0.00861149115718803,0.07007015658104328,0.5971108246294438,0.37245942142105143,0.7069290331297754,2
30.318014534143117,200.67264386175933,487.05898867311885,-0.008144344157184687,-0.06812394138431185,-0.600628961438147,-0.37206673192756884,-0.7043465027548499,0
25.956224293699382,175.04912932607115,471.42270918199887,0.008600101594113162,0.0699777975149555,0.5963316665554275,0.3719734929896307,0.7078512626843627,2
26.79678453462403,186.3079185614832,487.311523535578,0.008468890589033978,0.06892293150456384,0.5876423929452176,0.37151700921055236,0.7154225585525474,1
27.968121733628195,187.42872640093103,578.0432161913187,-0.008089504858679849,-0.06789478085489904,-0.6010285306369696,-0.37201321096158085,-0.7040566276047874,0
33.748912888421586,182.7613243502957,456.535343683279,0.008313607017761822,0.06766293685061772,0.6004360438439194,0.36814851904429735,0.7066086866814312,1
25.27939834263635,190.67621363422447,506.5102620501884,-0.008197249191510343,-0.07143915627877281,-0.5994699604123417,-0.37480580839470723,-0.7035521477564296,0
28.066176076952196,158.7707997256836,506.4374798112652,-0.008124027909239058,-0.07167746752458233,-0.5998654647149884,-0.37520637086127756,-0.702977911692233,0
32.0029938168959,187.23466788974062,547.4901238168546,0.008604007131800685,0.07000947718462217,0.5965991543244507,0.372140316033255,0.7075349308745338,2
26.932766900244996,194.0223528496596,493.3960124505068,-0.008301959737720526,-0.06878254340501315,-0.599479748451362,-0.37222010141912,-0.7051781806632154,0
30.451763047105647,149.8212620127867,505.8459544762097,0.00855867732177385,0.0696445325084407,0.5935834581435595,0.37146468318124193,0.7104569343046595,1
31.399951706793946,187.50196712538894,500.0800198244102,0.008563199192893556,0.06968177759356904,0.5939085074924976,0.37218012031568,0.7098068499675269,1
25.917830777923733,177.61449969829656,473.23861080722486,0.009307415368413225,0.07267917819973345,0.5980915706664682,0.3754276191951624,0.7042525718224538,0
31.205052402271455,190.2412004533417,566.5397922550935,0.008611755169258448,0.07007230310103836,0.5971290736134656,0.37247080380007036,0.7069074053743353,2
25.893055901118473,166.18759877655512,493.3443824668775,0.010411697865191876,0.07680360507855885,0.5994530732673512,0.3800258674466806,0.7001636635931818,0
26.482746527899508,181.7068440023678,514.850788069353,0.008610616250728313,0.07006304325391847,0.5970503495305154,0.372421701484927,0.7070006956477083,2
29.077471821032702,176.9074813024878,505.1821261242829,0.008562544481634637,0.06967651018917466,0.5938650282845732,0.37217559349125406,0.7098461259666449,1
30.10477858498616,198.9548276346068,470.57622369405044,0.008460576268931949,0.0688560217100841,0.5870896688351238,0.3714574890666315,0.7159136271135198,1
27.866217644015123,195.63610361296472,449.08449332490113,-0.0082471815098338,-0.0685536568559143,-0.5998792836727358,-0.37216687575611845,-0.7048893826261258,0
25.422064996643527,185.07143985932933,478.4447558118565,0.008591721337884526,0.06991038332057514,0.5957762052646514,0.37180997730347937,0.7084114444632162,2
24.34996341352162,158.16510133190093,518.5365644953409,-0.008179592151080967,-0.07149664615657934,-0.5995654100583906,-0.3749024562130001,-0.703413670074428,0
28.836163670255665,155.1456913849209,473.6075927301707,0.008464897994843379,0.06889080114488605,0.5873769770027313,0.3714884485261114,0.7156584538160281,1
30.999662718762476,162.54849242947603,491.21229425857604,0.00835634332859548,0.06800834694277721,0.5999761927003898,0.36877346536792,0.7066397495935008,1
25.480102766980185,180.71651688519404,543.1157207052257,0.010152071408792164,0.07583452931891711,0.5991375392979382,0.3789473912648356,0.7011270521572223,0
30.08054965324585,191.05881068692375,480.63793765425197,0.00860246075028894,0.06999693375695297,0.5964932438704663,0.37207426327929755,0.7076602147610962,2
30.517005349444617,186.74824159317552,529.5884291885092,0.008379536354692983,0.06819367731188067,0.5993254770138379,0.3707365182695135,0.7061464524931765,1
30.001954501744542,189.095866316242,448.4873657686547,-0.008252935383013726,-0.07125775474286895,-0.5991686204952592,-0.3745007797594867,-0.7039888860059605,0
27.274549655227524,193.9477259077737,523.5457058977823,-0.008248054166789698,-0.06713308551945446,-0.6011408190478407,-0.3671894869573809,-0.7065597743811672,1
30.99076267733601,174.8886174149333,494.1367627566728,0.008511366891613515,0.069261175213518,0.5983055580185801,0.37103855991111584,0.706746979155086,1
28.825578066241803,168.8055070925886,477.12335340584923,-0.008595456754314501,-0.06994012094140012,-0.5960135419970566,-0.3717750894796673,-0.7082271091990163,2
27.554420164528157,188.81844071232123,537.9602546445968,-0.008196943799189728,-0.07144015072964743,-0.5994716116948402,-0.3748074802837353,-0.7035497526624727,0
30.279599945215487,184.94822987880832,475.6312304777368,0.008587223560456462,0.06987401854380473,0.5954720660490987,0.3716590689476951,0.7087499108629313,2
27.47424842037626,200.95713482010544,568.7488571244663,0.008399676391243754,0.06919082862271005,0.5987666794236384,0.37231484526208825,0.7056927052765121,0
31.46779145490906,179.11651547282017,459.72663634647563,0.008177050965712529,0.06655516187165944,0.6011589150456496,0.3691857800246297,0.7055589025407338,1
31.095157490483984,188.12098158500618,467.11942508509065,0.008601988849050744,0.06999310594245148,0.5964609236704101,0.37205410626748203,0.7076984382151171,2
28.380941783455413,193.55438029433412,500.44665870271723,0.008611601210267678,0.07007105135501934,0.597118431693547,0.3724641661502529,0.7069200177901551,2
27.25307528249704,197.70575904210176,509.51176927467856,0.008591435007158093,0.06990806832617913,0.5957568437853907,0.3718003710222673,0.7084330006556682,2
28.704147668278246,169.33562499955872,513.0825124414582,0.008376288527702117,0.068169545923936,0.5997614747813794,0.36906505413115703,0.7066540242482569,1
27.441460091737266,179.93125769449975,500.9926835613614,0.008611447783631267,0.0700698039369795,0.5971078265637908,0.3724575514478339,0.7069325861558889,2
25.172011934405916,175.45060252951225,491.83492568311755,0.008506130415796459,0.0692226018626945,0.5901174512164995,0.37178150025487255,0.7132151056831921,1
27.736730512597724,179.62635389567146,458.7836952477948,0.008559394152361904,0.0696511644437309,0.5936558114937464,0.3721537963202872,0.7100350564778309,1
25.99795431418346,174.41450642834644,509.9409589404499,0.008262234024611789,0.07122745017673875,0.5991182553656035,0.37444981201543737,0.7040618156096251,0
27.162131435965858,169.61664140242408,472.4907461101845,-0.008036543090520017,-0.07196188744680355,-0.6003369376722479,-0.37568419593300173,-0.7022918530943735,0
29.593728003818345,179.62549536116182,528.5242658785139,0.010677104909460567,0.07779387252221397,0.5997727520250228,0.3811267083323355,0.6991775103311314,0
30.118695925227243,179.21955652170456,443.6548242789055,0.00860225914293627,0.06999529842445602,0.5964794359253103,0.3720656517324324,0.7076765452205217,2
27.16732273868734,176.26718738520407,493.6260297531804,0.00861199406446238,0.07007424541127613,0.5971455864770715,0.3724811033141502,0.7068878340395325,2
27.735735494459654,190.87752287502113,516.0199751468841,0.008611930227463357,0.07007372639180509,0.5971411739496023,0.37247835110289446,0.7068930639503287,2
28.015065770240867,187.6443143067275,508.4370020015427,-0.008270042328516929,-0.06864917979515682,-0.5997125613840212,-0.3721890985906932,-0.7050099397326258,0
28.157615680717793,182.94074168032216,494.7489632940755,0.00815825793812281,0.06640306980473397,0.6013289470022244,0.3690417247224023,0.705503917819762,1
28.05408104261336,182.91972764422383,504.71833670837384,-0.007997377379804904,-0.07208910770724554,-0.6005476311736173,-0.3758978417292691,-0.7019847275974402,0
28.21189106025382,191.90373734621693,547.9788536847294,-0.007997333287243792,-0.06750960279280807,-0.6016997869990696,-0.37192307017370774,-0.703568825623256,0
27.773333730645497,183.22300881109365,485.43538124744003,0.00860766790816877,0.07003917142780548,0.5968498768304722,0.3722966831372121,0.7072381683502168,2
30.298550612930097,196.84435751794916,534.4884009971067,-0.008024683551511378,-0.07200041746696419,-0.6004007611870591,-0.3757489063397123,-0.7021988533805728,0
31.110313473805828,171.93115159761007,464.0817588261283,0.008580981835127007,0.06982355355927389,0.5950499915341229,0.37144961364252227,0.7092190988821169,2
29.812253142836468,154.10208565893603,530.9010354887492,0.008612051286440232,0.0700747106478298,0.5971495417561935,0.37248357032763807,0.7068831460125543,2
25.023757901149903,150.09241651574447,509.5515992010235,0.008543449045544873,0.069522875889676,0.5925967722791313,0.3720430896595668,0.710989862183248,1
27.84921931189313,167.20197493098803,477.6892974841655,0.008491016085391167,0.06910097990111717,0.5891130293539809,0.37167456734269083,0.7141126044669303,1
28.504289810939394,190.1598385523136,514.9494629467591,-0.008118339951390354,-0.0660800028168559,-0.6016900350325335,-0.36873566655801815,-0.7053868695508305,1
29.9621943145347,171.85951007534516,559.4881554970942,-0.008524289401629786,-0.06936731462573259,-0.5912838805325689,-0.37079209432560817,-0.7127496808556198,1
28.956182882686868,156.09258525356967,500.2334634753761,0.008595091434261773,0.06993763061793047,0.5960040869501322,0.3719230363358998,0.7081576347171658,2
30.972751203411423,193.86584374606593,487.98552596093106,-0.00816754442028066,-0.07153586454840997,-0.5996305096778963,-0.37496838124742027,-0.703319185170979,0
28.29680001787009,166.76488837772195,477.557217733231,0.00968589560695929,0.07409354960878216,0.598563945986308,0.37700689682994937,0.702853705717352,0
29.344275252470567,175.59267408952692,497.6882137684204,0.008610628055583934,0.07006313923170797,0.5970511654979783,0.37242221042614054,0.7069997288290144,2
30.468265622493718,185.332407164384,513.4096646500017,0.008263730448659672,0.06725661847389361,0.6003743821577692,0.36984992673995815,0.7058115123527341,1
32.9429794834687,168.29045478081164,518.1785794381516,0.00832404125083354,0.0677446461592732,0.5998282280724704,0.3703117600318582,0.7059863103797107,1
32.14662840945505,184.33826918973588,492.35647716894084,0.008598936998715064,0.06996835091806826,0.5962519037988397,0.37192374766241104,0.7079455355416154,2
25.848801613432265,189.87534952531163,497.44494095092466,-0.00835295299596238,-0.06899560889293693,-0.5991076913284625,-0.37226957581517117,-0.7054467883853554,0
29.154505388918913,157.20950868440463,461.253485267149,0.008611492226627408,0.07007016527596663,0.5971108985506786,0.3724594675276009,0.7069289455248573,2
28.329866627550693,166.94743751430457,519.5034279992365,0.00858578994239293,0.06986308807865407,0.5953961136745234,0.371993324839845,0.7086394479783433,1
30.221352214069075,185.58173305554863,507.4203075966699,0.008272565260765113,0.07119377577676654,0.5990622816615129,0.3743931732600796,0.7041428445006056,0
30.137871340591246,186.41516054534145,442.88865144551437,0.008373423448913118,0.06814421689322038,0.5993808658465511,0.370689739556568,0.7061288452742016,1
29.698625393655814,202.42543842267463,513.2427473052737,0.0083617358753395,0.06805193034159315,0.5999181463259909,0.36885230645712214,0.7066436229670386,1
28.47293404533757,189.3119551656826,500.60970687282736,0.008611565535468652,0.07007076130510533,0.5971159657865072,0.37246262809827896,0.7069229402290756,2
26.873177707084835,173.29226088095263,474.0026603746817,0.008334832939892022,0.0678344942282927,0.6002076865358932,0.36845894007557145,0.7066241960577584,1
28.63889780078665,185.1584916894334,532.4300893157392,0.008572106526287104,0.06975278707698127,0.5944813334091091,0.37172670825001247,0.7095577962974075,1
31.859572347733096,152.3225523928959,563.4724832146256,0.008499447147266132,0.06916882356796433,0.589673334748732,0.3717342865614988,0.7136122278418006,1
31.254320015923355,184.63307934490288,506.5297383113002,0.008297814638537833,0.06753529333845872,0.6006058965031509,0.36791752590707505,0.706597043329489,1
27.940353940852834,182.11688239989317,519.0067766985771,-0.007946261223299677,-0.07225504363826916,-0.6008222617345813,-0.3761764261087173,-0.7015839022138535,0
28.048578285359003,172.92431029769182,485.9028443569964,-0.008208313052041035,-0.07140312611262707,-0.599410127474,-0.374745231684304,-0.7036389184728657,0
32.744850259480984,201.8904040102894,539.428506393918,0.008357580713629095,0.06801834770190755,0.5999628736845966,0.36879155672145447,0.7066406393009143,1
30.15441453367152,199.68778822850243,504.809881782572,-0.008262363538007904,-0.06861709442874388,-0.599768565018018,-0.37218163568491675,-0.7049694505267943,0
31.138343014226038,185.44066719922225,523.4181339092318,0.008576380790561892,0.06978635342726652,0.5947388549847562,0.3712951895278279,0.7095645757595114,2
27.837224569455834,189.52513666305026,518.2311773534864,0.008579780745300128,0.06981384258632738,0.594968770791391,0.3714093037483849,0.7093093158966793,2
28.617842403793084,185.66861934618805,500.27781440205194,0.008598695029340268,0.0699663881867798,0.5962353313755039,0.37191341200365635,0.7079651195922232,2
27.59688902345528,179.6324627839873,463.1153367248835,-0.008150417163186843,-0.06814931864553668,-0.6005847035960132,-0.37207265388939187,-0.70437858790739,0
26.917257901601907,172.88393264074887,518.8848451024575,0.010755365218609127,0.0780857978119437,0.5998664611874911,0.38145099519604975,0.6988864695395283,0
27.031968402603784,198.73194203279047,558.8876053301732,0.009991710895987584,0.07523578423132128,0.5989412496351513,0.37828046194077464,0.7017214647449702,0
27.416616945297672,161.65147658226144,513.3683645213691,-0.008032693309019664,-0.06765737184995603,-0.6014423190000989,-0.3719576785541869,-0.7037560501714522,0
29.225236668691657,206.15817167956692,469.47675933478286,0.008610498521218066,0.07006208606735043,0.5970422118513322,0.3724166257971715,0.7070103376250065,2
27.43403760463951,180.45478476811286,503.47321011228905,0.008318577991280385,0.06770043945659246,0.5998777110957523,0.37026993408022707,0.7059705088771999,1
25.750203379992143,182.02809796729215,546.6977763653014,-0.007921055933101865,-0.07233682376273494,-0.6009575356400935,-0.376313691537948,-0.7013862607146589,0
30.91126628569282,156.92975866385254,464.8701414519317,-0.008545754166574318,-0.06954035470398959,-0.592719333382411,-0.37121219463534194,-0.7113201863732613,1
30.408009630506122,178.23781989542837,495.8503526263254,-0.008006911129430654,-0.07205814592473396,-0.600496365485629,-0.3758458512212993,-0.7020594876065288,0
30.672383681524416,188.82241379042932,519.6805476274848,-0.008516206140265522,-0.06930214891601091,-0.5907432550702955,-0.3706336567941387,-0.7132866081940387,1
31.206466742296563,170.16391869634714,566.5565747806569,0.00860202653861322,0.06999341166038019,0.5964635050044274,0.37205571615777333,0.707695385554922,2
28.307284848201366,185.3681141279211,504.9898338673999,0.01102346277667166,0.07908559710155584,0.6001855749240426,0.3825608188509185,0.6978885635491622,0
27.148549439248583,173.7664227471324,497.190920845519,0.008412238958043794,0.06845827328058948,0.5990291188849077,0.3709867341319178,0.706240509232696,1
22.968822646245183,177.05730043837357,452.0161532621778,-0.008089270742539133,-0.07179050666616868,-0.6000529179133091,-0.3753963075542043,-0.7027053399753425,0
28.034833579511304,190.75257978738756,524.1555046851529,0.010717799070605202,0.07794567338569947,0.5998215108002313,0.3812953505178818,0.6990261880919096,0
29.681373197800905,175.30264018739402,602.7113048905329,0.008483861684039513,0.06904340813820556,0.5886375283501051,0.3716237526815335,0.7145366880324346,1
26.614121218685415,176.8849684043892,525.3292400772566,-0.00821492381501369,-0.06841886754418461,-0.6001144943928216,-0.37213549402638024,-0.7047191932224317,0
28.347778466927643,210.7698713989879,508.8746441203614,0.008446014838797368,0.06873154322339428,0.5987229619337628,0.371245092554801,0.7063374093920785,1
27.581738234387828,182.14976714576835,450.5772711649432,0.008610313737438572,0.07006058370368112,0.597029439258758,0.37240865918980043,0.7070254707768812,2
26.915861034419432,190.09228094742664,528.6468450023095,0.008566250277858968,0.0697055794293852,0.5940897961685333,0.37161248755305354,0.7099501565149858,1
26.244671954997383,180.3791355089959,446.56878049321995,0.009974440781208072,0.07517129348941858,0.5989200463086678,0.3782086001247949,0.7017854516071818,0
28.278191799937773,172.6221153580774,502.2051001141653,0.008428671070775587,0.06859122154833071,0.5988801814188491,0.3711124354298073,0.7062876824662682,1
26.83720575728067,165.7119900614746,573.5094035157493,0.008610877655200444,0.07006516857291845,0.5970684182692689,0.37243297144083815,0.7069792858549937,2
28.42830060215976,160.52594393636397,508.2058307931648,0.00832603390952816,0.06776337699549848,0.6003023592146468,0.368330264263209,0.706617786251257,1
30.01285933505324,186.5675862649964,533.5873180452196,0.00836777394559938,0.0680985056385479,0.5994320536639587,0.3706465049554603,0.7061125655966638,1
32.425091704597065,180.57196865731137,507.6335240682359,0.008611868982730088,0.07007322844840069,0.5971369406024106,0.37247571065128515,0.7068980814164484,2
26.02220118074838,171.93387296194248,573.8308935465782,0.008310478422312017,0.07107015748190008,0.5988567304442864,0.3741852219269785,0.7044402066583986,0
29.289188631591816,190.57121052985752,535.1263997518438,0.008381088378260747,0.06820833827397148,0.5997097926371885,0.3691352183057867,0.7066574383454113,1
28.489225783889086,210.95388880070934,481.94275638477575,0.00859970837443756,0.06997460792013649,0.596304735079321,0.37195669674178405,0.7078830962335653,2
29.30580804875931,189.74067256547943,513.6090003235322,-0.008013198106372476,-0.07203772614355244,-0.6004625510541572,-0.37581156098183693,-0.7021087879254206,0
28.63366061988557,198.62828621224932,517.4522195048509,0.008258881466535056,0.071238376718546,0.5991364156860908,0.37446818916307073,0.7040355213078263,0
27.272827703750394,201.68082165890678,516.260771255571,0.008590168666894766,0.06989782991063596,0.595671214486789,0.37175788480683347,0.7085283210231199,2
24.059957225247384,187.72364590596777,516.8531347830982,0.008604306707866854,0.07001190718574825,0.5966196720140209,0.3721531122194874,0.7075106548946969,2
27.555171523580654,180.83507921692518,515.1719974186426,0.008588643267447349,0.06988549697166506,0.5955680671137096,0.3717067048634682,0.7086431087041137,2
27.049976083220532,189.12548006565228,500.5184214971734,0.008269401225851802,0.06730250709134672,0.6003230394503651,0.36989336060454947,0.70582798161332,1
30.77973880683054,192.51128876546144,470.2707840975443,0.008529806808828862,0.06941311095288476,0.5916905425673578,0.37194786609635966,0.7118048532894088,1
26.170828558208367,168.93115254738103,494.93748316638585,0.008388624383962946,0.06826924381889217,0.5996286413576547,0.3692453739217498,0.7066627821176816,1
30.668068452719517,163.85548168795884,480.8579403221746,0.008586296218170152,0.06986716907579255,0.5954299580575179,0.37200318229509355,0.708605427309539,1
27.96536986632428,198.2122165831467,490.8835247685809,-0.008165259829819886,-0.0682113413368636,-0.6004765282893696,-0.3720871231595065,-0.7044569917300597,0
27.258198221680367,171.66810427752128,468.9075183826537,-0.008247110288840365,-0.06712545606696249,-0.601150961748614,-0.3671756742838896,-0.7065590589063121,1
31.51651192522972,207.63374051859216,521.8719224779951,0.008499794638743148,0.0691676604977832,0.5984304069230493,0.3708695750620576,0.706739269176098,1
29.551207796961165,192.20330698539283,563.2445805062488,0.008610462228967811,0.07006179099734963,0.5970397032658763,0.3724150611253614,0.7070133098843577,2
28.72361995668038,165.2372386437131,458.510346300269,0.010859218031849912,0.07847313608028486,0.5999904261129708,0.3818811072130845,0.6985000736033935,0
28.058960776765915,177.84707730569113,538.0950641372766,-0.00791971548915424,-0.07234117212888948,-0.600964726952149,-0.3763209895355086,-0.701375750019869,0
28.003254581967123,177.19415306331902,507.319956963293,0.008363833024051888,0.06806887975714586,0.5998955709246124,0.3688829666156204,0.7066451265180037,1
27.46809976063183,190.91412625327285,504.6919613255718,0.008297059485354842,0.06752918968337646,0.6006140174139312,0.3679064796153703,0.7065964843441596,1
29.535262306460293,178.28229278262185,491.98738007115054,0.008432112536163336,0.06861906531505854,0.5988489864361418,0.37113875961318094,0.7062975547958951,1
24.71591147464404,194.0289550172581,499.2118478867575,0.010647595838904981,0.07768378956551569,0.5997373523152405,0.3810043943050173,0.6992872208897886,0
28.459478514576272,174.19819423065607,469.59700645959,0.008506284726403853,0.0692238435429556,0.5901277050875633,0.37178258906405526,0.7132059315248349,1
28.974458166706878,174.17115263458138,470.18819285981704,-0.00814931697194109,-0.0681447212837922,-0.6005927215155362,-0.37207158113549693,-0.7043727755726638,0
30.86369872325128,192.1451780197512,516.0400376058465,0.008601452921937711,0.06998875878239005,0.5964242183388906,0.37203121439793496,0.7077418427252787,2
26.81276301057526,185.46068797015374,475.7145364962367,0.010240094690834962,0.07616312487693772,0.5992448303463495,0.3793132148830123,0.7008005687697402,0
26.750208449870364,210.1096520754994,505.6166200821532,-0.008112025983720645,-0.06798889213102627,-0.6008644549119792,-0.3720352006171468,-0.7041757038597147,0
29.17709286597278,175.03791098104378,485.06016557004585,-0.00853422300137542,-0.06944739606816898,-0.5919482166148691,-0.370986623848086,-0.7120888006347159,1
31.2787815521753,175.07052961291006,519.5248062592653,0.008494755818392033,0.06913107324174857,0.5893615679544304,0.3717010785422157,0.7138907369232905,1
28.55768843676212,163.20808492886871,456.33842688990694,0.008611421740637946,0.07006959219777738,0.5971060264346097,0.3724564286586063,0.7069347194834822,2
28.588164986256057,198.9900402855214,520.9938197351881,0.008612008837784908,0.07007436552398336,0.5971466076341104,0.37248174023725905,0.706886623710681,2
27.973140514202612,198.1823148336681,435.2465146847303,0.008579444806790407,0.06981194076328918,0.5949719325090326,0.3718697384143259,0.7090655704741263,1
30.21107501251491,173.32116351022592,511.0086228970258,0.008600942178573667,0.06998461589903747,0.5963892378006302,0.3720093982230066,0.7077832026831696,2
28.980041660530688,186.66288616339625,460.8529855185557,0.008419970791367122,0.06852082997843878,0.5989590412297978,0.3710458826809337,0.7062627130364071,1
33.631942484972534,156.43137933243952,541.4406877594172,0.008569300822247584,0.06972911046501863,0.5942600741171374,0.3710575233476299,0.7100955547773782,2
27.078677849497158,197.0285935206323,516.5496793471916,0.00857732224935171,0.06979396527707686,0.5948025197737006,0.3713267893217512,0.7094939111484956,2
26.112706107442026,176.79503070807567,507.25956589952506,0.00861114854203404,0.07006737098757677,0.5970871424566865,0.37244465021699186,0.7069570980486212,2
30.961996435548663,159.2533710022461,480.45888959675625,0.01053486040144201,0.07726318838436635,0.5996017820856594,0.38053692102549885,0.6997062034119311,0
27.885152940271052,183.1748996090245,427.2205892760865,0.008268617715765949,0.06729616684979071,0.600330133402043,0.3698873596282103,0.7058257065346599,1
34.39449046208375,196.94969056064966,578.9582676733849,0.00860802516143605,0.07004206927108635,0.5968743446240091,0.37231194286740044,0.7072091942014085,2
28.345429085053816,184.89918701486172,522.0922423442635,0.0101444473839726,0.07580606640561556,0.5991282312885982,0.37891569726217383,0.701155323252058,0
26.167116521046864,142.53914890807295,479.7228511064395,0.008512153012668918,0.06927106308913768,0.5905176379309729,0.3718239514700226,0.7128568800784855,1
28.468410508402393,172.101546050984,488.8288608824494,-0.008167551952195692,-0.0682209193303812,-0.6004598220658183,-0.3720893570831686,-0.7044690977544338,0
26.58195234433524,156.47388283372624,526.0611805607267,0.00855252151182766,0.06959490881335127,0.5931718515956349,0.37134445410054223,0.7108683801706385,1
30.11173622921462,178.60623884982857,555.4219468144271,0.008610874997846104,0.07006514696761063,0.5970682345898216,0.37243285687505145,0.7069795035047761,2
29.251188233286626,201.03623282633464,485.7846034181653,0.00840201648020691,0.06837556447400009,0.5991217646261419,0.370908526475384,0.7062111330480747,1
31.55565992104169,146.0147650201868,505.51905484314244,0.01082188811719127,0.07833391404798686,0.5999459179059542,0.3817265325390374,0.6986389873111912,0
24.99760648396807,174.71148462402573,462.8963765265133,0.008317610116375707,0.06769260773865443,0.599886477341903,0.3702625239728723,0.7059677087962686,1
28.85250164395686,174.19078859579048,517.7647035191342,0.008262446888379961,0.06724623170879064,0.600386003110208,0.369840095363007,0.7058077836235694,1
25.172507540504316,196.28825515915227,488.4380158552447,0.00835292455538058,0.0679807157618235,0.6000129905095393,0.3687234797674764,0.7066372885885978,1
32.247089010765386,184.40860523261463,494.3302477456659,0.008610345282424351,0.07006084017647002,0.5970316197014919,0.372410019190547,0.7070228874025184,2
31.071801572949283,178.6886746836588,491.66461196724157,0.008560199956568192,0.0696568068026693,0.5936852658214077,0.37149441017520934,0.7103550947222783,1
28.126632661711703,170.46544498053078,483.1192072534229,0.008554760968912395,0.06961388810507951,0.5933481040244066,0.3721216939549487,0.7103127444910444,1
29.76070784539674,151.9814224423216,512.9752539085925,0.00861111851315654,0.07006712684122533,0.597085066806578,0.3724433555784998,0.7069595577231977,2
31.952942951556395,192.87099484899284,551.9127953679431,0.009338359505668655,0.0727948461667933,0.5981304174588548,0.3755568684255533,0.7041383015446495,0
31.390005878434515,194.58720400294567,454.12621188710494,0.008610892404560307,0.07006528849113942,0.5970694377783492,0.3724336073356173,0.7069780777921446,2
29.203143615741716,199.01319875243462,552.1145917263538,0.008610873843551319,0.07006513758284412,0.5970681548054114,0.37243280711116206,0.7069795980448862,2
28.560980862782493,174.64396153960183,515.1564040014708,0.008355480259287104,0.06800137146005049,0.5999854824918369,0.36876084663648473,0.7066391287044396,1
28.806346172347293,210.55291111588699,475.3640845854936,0.008603986744260168,0.07000931181154632,0.5965977579942909,0.3721394451898588,0.7075365829140907,2
29.200117846038616,165.37529202847938,540.6215897505033,0.008610887806913119,0.07006525111033017,0.5970691199763754,0.3724334091142908,0.7069784543705465,2
30.30544927646566,186.735539343631,501.5577429212309,0.008353004212419007,0.07093142200482323,0.5986259068906388,0.37395178203248663,0.7047737573200985,0
29.0992662433547,151.47437741231445,497.90847298105797,0.009421430272460785,0.07310533451212095,0.5982345039711541,0.37590372917488374,0.7038314509655667,0
29.441443641617752,180.40361932312507,526.8410417340231,0.008610310213980047,0.07006055505678692,0.5970291957148786,0.3724085072848334,0.7070257593249919,2
28.030683176276234,192.46800282682707,540.9353795689842,0.008599646014684778,0.06997410209026347,0.5963004640900078,0.37195403307006486,0.7078881443660701,2
26.589099895733955,187.23824135938924,453.0866843701915,0.008576093764448945,0.06978403277194692,0.5947194452015552,0.3712855553956328,0.7095861168593548,2
29.92524379755476,173.596406268447,518.6703269871125,0.00860350139616292,0.07000537492602937,0.596564516921141,0.3721187138612218,0.7075759091363331,2
30.590344902850664,154.98748806193083,507.9315612713813,-0.008268525417788134,-0.06864284148486714,-0.5997236248754615,-0.372187624455336,-0.7050019416773469,0
28.874948607591016,204.1089335775462,519.0315004409541,0.008530255844497995,0.06941672394250306,0.5917203732959863,0.37195100779887985,0.7117780558546141,1
30.911609385498462,169.41860726038777,482.7590491578902,0.008611907121589088,0.07007353853220175,0.5971395768312096,0.3724773549373803,0.706894956902369,2
28.631902144846602,184.88291752814942,581.7966850349671,-0.008008947301251273,-0.07205153273437391,-0.6004854146176515,-0.37583474606374784,-0.7020754545463177,0
32.74771765339276,198.97019028601335,498.29635849845005,0.008585276390948353,0.06985827551671767,0.5953403968385331,0.3715937315333726,0.7088963428798057,2
26.675661475363782,191.76812064507976,535.2193997071281,0.008322868059003303,0.06773515314128453,0.5998388543228075,0.37030277839461384,0.7059829176787,1
29.849743057069695,185.81390920899935,477.4048762768467,0.008611938661098382,0.07007379496036299,0.597141756892838,0.372478714700591,0.7068923730259655,2
29.935584994079438,188.75496623791588,552.7005855787854,-0.008128649152330452,-0.0661634393205538,-0.6015967902687698,-0.3688147184383424,-0.7054171317467374,1
30.923934443573305,167.76811480286966,445.30346729635477,-0.008531345995548676,-0.06942420273761471,-0.5917558141301095,-0.37093030346869216,-0.7122803258700791,1
28.358376801603914,174.50230127119653,545.9540891888214,0.008550385281061333,0.0695776879299687,0.5930290087474636,0.3713027138674845,0.7110110587835515,1
26.615257961486062,168.3527502678864,462.5003962932403,0.009567295620588832,0.07365043153474432,0.5984165697645104,0.3765123866005406,0.7032923379057219,0
28.542621909400737,179.9344500619344,573.6492154109385,0.008582320562449586,0.06983437733482482,0.5951405191736554,0.371494541055963,0.7091185175408635,2
26.5848901496754,198.07436605922837,547.5192341653312,-0.007914669895605062,-0.07235753919573351,-0.6009917934858442,-0.3763484583465109,-0.7013361865645139,0
28.391552372761847,179.47887107274104,507.56029001244957,0.008568074748058636,0.06972028667281997,0.594211778469258,0.37164807945494427,0.7098279630214804,1
27.940991082357026,179.5465685415086,535.9080077325492,0.008581458912150614,0.06982817627126542,0.5951065804147913,0.3719089765337619,0.7089303601075296,1
29.022344251251337,196.92279896361507,518.1829650699553,0.00856774532619495,0.06971763117259255,0.5941897537618905,0.37164165355652684,0.7098500288862867,1
32.482175384646865,177.96536006028776,511.8911997819151,0.008610610219763747,0.07006299421956015,0.5970499326529184,0.3724214414677353,0.7070011895936759,2
24.07512183890299,183.7145159653133,470.3197894021024,-0.008144002648356075,-0.0716124801429489,-0.5997576528144042,-0.3750971557091388,-0.7031345600794416,0
28.617386470026236,171.20986341446678,518.2117178157712,0.008611930594444019,0.070073729375483,0.5971411993146938,0.37247836692393044,0.7068930338866972,2
29.328914978681194,190.26145808656437,468.01360228410465,0.008611489584915363,0.07007014379804336,0.5971107159556029,0.37245935363798666,0.7069291619206347,2
26.18406313880298,163.69016240242607,417.2558100665558,0.008170339750943336,0.06650084834032553,0.6012196380628019,0.369134338661488,0.7055392756940966,1
25.338542486957582,172.41124521793157,534.8482945604306,-0.007949456254377658,-0.07224467515467771,-0.6008051074896341,-0.3761590213927178,-0.701608955541687,0
31.049918955193625,174.3209987655983,493.93974552305644,0.008326369934932869,0.06776609289723626,0.6002987440036254,0.36833517842587943,0.7066180315409417,1
31.896651346704115,165.77452115734684,506.35548125772146,-0.008540781802460505,-0.06950027017223355,-0.5923868274449137,-0.37111495822104296,-0.7116518122976523,1
29.743889096285866,160.88855848409614,501.7117871854156,0.008366040814640393,0.0680867233545179,0.5998718036943941,0.368915243772477,0.7066467077038293,1
26.928972605708594,177.48883050613722,541.187395156311,0.008611810706789019,0.07007275464248088,0.5971329124648005,0.3724731981942955,0.7069028555971342,2
28.895731221432893,191.0055183000426,496.4330783792261,0.008398479762350907,0.06834889368193078,0.5995224997186845,0.3693894219520041,0.7066697400845472,1
29.903976668371058,182.08660905597424,504.9564482024614,0.00861057447571532,0.07006270360669542,0.5970474619609468,0.37241990043093276,0.7070041170315235,2
26.181388202292297,148.81134885613363,526.6983718444577,-0.008537759621347897,-0.06947590678781512,-0.5921847258504856,-0.3710558345166764,-0.7118532314860816,1
28.79606025103857,182.030704659046,527.2594759154324,0.008148902712193649,0.06632735673279261,0.6014135810725427,0.36897000541548336,0.7054765174962425,1
24.90584640171489,180.8757166708119,492.4086186380476,0.011010767721983308,0.07903826306945878,0.6001705306106846,0.3825083040961128,0.6979358476601846,0
28.039279846007716,182.6248940602882,484.24622140279183,0.008476929076754031,0.06898762009504397,0.5881767342706837,0.37157439233966066,0.7149471659969954,1
27.09146045841803,186.03957692481998,585.0757009734933,0.00860252896215411,0.06999748705580436,0.5964979156582295,0.37207717691469344,0.7076546893336519,2
23.53340150665838,176.5057669539675,493.24977898108045,0.008610867949566293,0.07006508966262533,0.5970677474060814,0.37243255300511413,0.7069800807895821,2
28.214737079700253,163.0470058597084,545.2411839164159,0.008566917080239229,0.06970983733444686,0.5940988709577083,0.37097749240194544,0.7102741570467604,2
30.598404698603446,206.79506672668492,515.5272179319028,0.008215912801080163,0.06686966086830456,0.6008072371702037,0.3694836006694072,0.7056723601165625,1
30.518095850330482,174.1199574728448,537.6521553004255,0.008546454617862348,0.06954705806398293,0.5927964095353496,0.3720640060824002,0.7108100710091436,1
29.202446315459095,168.07786593572635,480.09766941138633,-0.008527987261907831,-0.06939712574291224,-0.5915311905039758,-0.3708645321506258,-0.7125037977621801,1
28.733896225028435,144.44148700598305,518.8137775161204,0.008436515299722974,0.06934474563834907,0.598497736518972,0.37235049583600405,0.7058864633170828,0
30.931870271250414,155.9244874541484,485.2803215433089,0.008567014577285124,0.06971062562281241,0.5941054643376871,0.37098076585005324,0.7102668537598511,2
27.395921948098188,173.30150113715868,512.9097575613589,0.008301952190265301,0.0675687357237721,0.6005613996461919,0.36797804829074204,0.706600102443854,1
30.58711679195682,190.37950638058396,466.74900066386124,-0.008227278067013248,-0.06847049025788615,-0.6000244177819983,-0.37214751615060804,-0.7047843841543026,0
29.710131899080334,178.88620843566133,509.7486261378864,0.008312599978309054,0.06765479741404784,0.6004468761435041,0.36813379011150626,0.7066079468673627,1
26.046104021800346,191.90977501124615,517.2795561164014,0.010919587676893312,0.07869826876396599,0.6000622833918716,0.38213101492607543,0.6982753673019134,0
30.27491888968397,177.6164581807547,515.3686612449508,0.008599967234178852,0.06997670765687158,0.5963224642997537,0.37196775385476843,0.7078621402595164,2
29.733463628084078,175.17268965219242,572.1997351132784,0.008474181283005748,0.06896067652214842,0.5987066604045513,0.37049549603676274,0.7067220355619972,1
30.919381461285333,164.6706532628172,512.7971929148916,0.008437573348469254,0.06866483493009358,0.5991013055319628,0.36996070477935306,0.706697000438713,1
29.79114189450188,209.19815289113237,442.3031648657108,-0.008380470652032939,-0.06911058376087721,-0.5989068655715516,-0.3722962443779282,-0.705591643741074,0
29.127184427023728,175.39851290468647,489.4310771835022,0.008196530838610534,0.06671280924125358,0.6009826450990119,0.36933507719137343,0.7056158154485975,1
28.501245202581014,184.9157439135831,493.41007447627896,0.008591385549075407,0.06990766845557342,0.5957534994586292,0.37179871171309287,0.7084367239469834,2
30.022538663695947,185.78453906580512,509.1577548339246,0.008610935810977901,0.07006564140205877,0.5970724381072516,0.3724354787209567,0.7069745225408985,2
25.433477725342964,179.6815207535714,481.1373691774031,0.008594545261637603,0.06993321480794704,0.5959671556676092,0.37190471428606386,0.7081987800862354,2
24.779055498747017,173.21763908185508,476.17238358028237,-0.008270808766024842,-0.06865238230130753,-0.5997069713797158,-0.37218984339170924,-0.7050139807701225,0
32.92793206667885,196.85952912246645,521.9817075547247,-0.008280252660917852,-0.06739334440270056,-0.600794733467002,-0.3676606133860733,-0.7065839908666065,1
28.089376142408273,205.41452361110262,514.3166598621215,0.00860089167855556,0.0699842062693588,0.5963857790838811,0.3720072411383353,0.7077872919050878,2
29.25458677739053,193.67873122039597,540.1131041896842,-0.007984870568827018,-0.07212971867609058,-0.600614862897239,-0.37596603032237386,-0.7018866546931021,0
29.1157860938442,192.3292515814341,516.7486509566207,-0.008595197748632422,-0.06993802001712282,-0.5959958026528097,-0.3717640260505821,-0.7082480554767812,2
30.775628895990824,160.23413069056684,517.0743670218634,-0.008384682357160727,-0.06912818105339529,-0.5988761250781272,-0.3723003243025311,-0.7056138086954196,0
28.367864121155446,169.36548728733203,502.4976562849666,0.008601770271081829,0.06999133295244225,0.5964459533950508,0.3720447698152468,0.7077161413953569,2
30.07097374453131,177.0719418109583,495.3986445183375,0.008591507992460919,0.06990865841507586,0.5957617790001403,0.37180281965724454,0.7084275061335001,2
27.953968202143386,170.58557039456676,514.1505020206398,0.010227748158810843,0.07611703721550996,0.5992298006117289,0.3792619139400069,0.7008463715440947,0
25.763374886361348,150.3889531020021,514.6386426279646,0.010932677556483493,0.07874708139911861,0.6000778443976803,0.38218519084155445,0.6982266353391315,0
31.41097504335625,199.7368018660807,557.2705696662978,0.00861149475461835,0.0700701858294853,0.5971110732886411,0.3724595765165433,0.7069287384405282,2
28.112230378578936,164.97691651799653,533.6209863940535,0.009577411775466085,0.0736882310189275,0.5984291634165594,0.37655457970210665,0.7032549343381184,0
28.77814237885449,188.8508200783563,514.5259416996057,-0.008055176940988439,-0.06775132923089296,-0.6012785772756433,-0.3719796664945296,-0.7038750398585629,0
31.90202974611536,189.82946506318012,514.2198735957235,0.008302108905386279,0.06756717602193603,0.6000268668934766,0.37014383789913213,0.7059228357146713,1
26.453743155414145,191.978205714568,499.1504188337914,0.008512145021674451,0.06927099878971023,0.5905171069700434,0.37182389520396886,0.7128573556083181,1
29.403510396105194,180.69554418602164,502.57370569992463,-0.00801026769006805,-0.07204724420606474,-0.6004783130133626,-0.3758275445047422,-0.7020858085775608,0
27.639878766069057,192.00686710883483,536.9756767206641,-0.008115971595893041,-0.07170367351104945,-0.5999089306708815,-0.37525040774238316,-0.7029147320981188,0
29.512710303767555,159.5198647070062,507.1953586912501,-0.00852737166978763,-0.0693921630252383,-0.5914900206550708,-0.37085247510890496,-0.7125447416226905,1
31.530738151550743,201.68422357871546,465.33241797192636,-0.008531179901838621,-0.0694228637491057,-0.591744706328479,-0.37092705151321026,-0.7122913799466437,1
26.514976382428287,184.83960069320756,496.8950601717613,0.009816610601408671,0.07458184051317802,0.598725694997695,0.37755153147475173,0.7023699640877048,0
29.244673174754162,178.81458712481435,461.9752138627585,-0.0080437125004942,-0.07193859197821427,-0.600298344248491,-0.3756450693422477,-0.702348074279968,0
26.766202190409647,173.82904846829652,468.2586072159076,0.008179015466991676,0.06657106040787085,0.6011411397098381,0.3692008373709522,0.7055646458370112,1
26.385558992036866,173.58377994763595,505.9758648816973,-0.007944316940527298,-0.0722613529856221,-0.6008326999073447,-0.37618701691922546,-0.7015686564524536,0
28.74967600614064,191.5538619371747,426.2825686541938,0.008598933889531299,0.06996869682453205,0.5962639049102458,0.37205192765947315,0.7078680375795305,2
25.625641818139833,177.8245498545851,552.3083874672861,-0.008095158423760244,-0.0717713622277324,-0.6000211773220654,-0.37536414254342665,-0.7027515117249842,0
32.48001236402306,178.3157918010379,528.109409030064,0.008611553577220293,0.07007066408003484,0.597115139214657,0.3724621125430027,0.706923919825206,2
27.245224088104553,172.4313846824665,450.7416110501516,-0.008520384814982592,-0.0693358367161371,-0.591022737596721,-0.3707155777407354,-0.7130091365848745,1
25.934756235477096,181.87018330073627,507.2419526576312,0.00856149433796303,0.0696672410685445,0.593771810931868,0.37151967727632523,0.7102685001292,1
32.256899230967235,186.2772803265869,479.01464320867444,0.008610625120369806,0.07006311536734852,0.5970509626111847,0.37242208388005826,0.7069999692245755,2
27.78096972689071,186.73719550607828,421.2529464333843,-0.007995753171833212,-0.07209438207756706,-0.6005563636216691,-0.37590669805681814,-0.7019719912315638,0
30.237015133901355,159.82146852586646,501.9188042561309,0.008457171252009982,0.06882180402204177,0.5986218198978065,0.37133041469455935,0.7063693618855297,1
27.932357694058577,185.456684599425,534.436698744327,-0.00827471868008169,-0.06734861412420722,-0.6008542276237613,-0.3675796495096574,-0.7065798550902259,1
29.862936294857047,158.73656216070415,514.0013852657869,-0.008018490753040274,-0.06759801988601236,-0.6015457396592578,-0.37194378200348643,-0.7036808634887503,0
29.616558704830837,179.17120542455888,540.0370296398237,0.008610368186037562,0.07006102639194432,0.597033202847875,0.37241100664091403,0.7070210116895518,2
30.259612478030487,180.90457013872245,520.4146186200045,0.01085561746087151,0.07845970807135196,0.5999861356695528,0.3818661994949125,0.698513473360772,0
30.157232835090213,184.61104440873874,481.94966912523444,0.008382454467221552,0.06821728807269341,0.5992990352455092,0.3707588481689952,0.706154854775717,1
30.383051995090025,198.9528527486609,501.17564806574114,0.008490843520381642,0.06909959127660609,0.5891015606364957,0.3716733431807957,0.7141228390733447,1
27.724504349290456,178.3216143224271,499.2030849240189,0.008356297460406557,0.06800564624634842,0.5995360310300312,0.3705586714707105,0.7060794734773057,1
30.831469649685094,149.07253364045062,487.77320758795247,0.008594465996394554,0.06993257394764518,0.5959617958770111,0.3719020552081388,0.7082047510729536,2
30.583351458017752,163.0950443048376,491.9756294450543,0.008611718018577054,0.07007200105192428,0.5971265056994688,0.372469202122885,0.7069104488140144,2
28.42221650505569,174.738620565413,471.8512517516593,-0.008115766874702312,-0.06605917772454843,-0.6017133069741654,-0.36871593494926175,-0.705379312775118,1
31.131759034445995,185.5136630190601,443.8640813321209,0.008611261023289768,0.07006828550369824,0.5970949173652448,0.37244949963512186,0.7069478845207049,2
28.967228356302627,185.74250127393756,535.9026014085971,0.008323846168633572,0.06774306762971205,0.599829995048238,0.3703102665418549,0.7059857462493194,1
29.940205534919357,183.73291980838988,499.94015452326227,0.008491228401708672,0.06910268840221653,0.5891271399283732,0.37167607339548714,0.7141000118757482,1
26.838138998820924,175.12088978901167,505.1711456711923,0.00861039824385677,0.07006127077368249,0.5970352804992368,0.3724123025273457,0.7070185500714512,2
29.81399839541792,176.3422673703266,457.8020309428053,0.008250350303450948,0.06714834357988728,0.6004955166444175,0.3697474370688375,0.7057726255284545,1
29.626405649262217,200.97036591170158,527.8144358168066,0.00860505654065018,0.07001798942823818,0.596671027341376,0.3721851407919044,0.7074498853370865,2
27.269432885876533,182.0014822090842,493.6047445216671,0.008567229401218259,0.06971347225041395,0.5941552596038122,0.37163158918591144,0.7098845848245039,1
30.646222498322462,175.3854845412765,542.6009184180458,-0.00859613743441404,-0.06994564227667198,-0.5960601618734173,-0.3718041647180573,-0.7081720554169416,2
26.335837084333047,172.13362676794236,489.0369408690186,-0.008182251020140332,-0.06828234142385468,-0.6003526813875538,-0.3721036795209575,-0.7045467211304433,0
26.411931908727233,155.04273630539006,436.8411658418304,0.008465562589616345,0.06888969329697096,0.5985457402190778,0.371394584992092,0.7063933773129801,1
23.882939357999113,170.86454726810348,455.3813408375403,0.008598779719777695,0.06996745036649711,0.5962534803938462,0.37204675648360763,0.7078796613724644,2
25.565480842902417,167.92008654322805,435.3200811949524,-0.008018705355579364,-0.06759891670537584,-0.6015441770298416,-0.37194399202282846,-0.7036819997017777,0
25.453367452483924,204.30275707279273,411.6054528565719,0.008366056678048269,0.06808685156407858,0.5998716329203795,0.36891547568797994,0.7066467190577621,1
26.536661511346768,160.13210802597382,495.14619481528575,0.008300841761730437,0.06755692253501994,0.6000383423297336,0.3701341352712087,0.705919165262471,1
28.14750867803733,171.13507470595223,451.94501210997055,-0.008524316805975358,-0.06936753555268904,-0.5912857133389401,-0.37079263125170936,-0.7127478592356713,1
26.677663819459998,186.6796171323973,450.93602822612047,0.008601530785440506,0.06998939037070516,0.5964295511725247,0.37203454030511185,0.7077355369145943,2
27.318857878330228,165.94371920564996,516.901561462597,0.008256001145509742,0.06719407155369157,0.6004443592636682,0.3697907229225942,0.7057890533735636,1
27.5129564636177,206.3386078214325,509.2672977779188,0.008552718404081651,0.0695964960255268,0.5931850170362195,0.3713483007636182,0.7108552270558209,1
31.139958531564513,174.46056890605888,529.389149089146,0.008486418836805145,0.06905957003619825,0.5985746856842927,0.3706742335048114,0.7067302984557211,1
26.87906167839042,182.08209239476918,557.1770504671777,0.00852524632818597,0.06937641658054836,0.5913875686997156,0.37191592990897343,0.7120769043192376,1
33.93260878569823,167.56753346936705,504.23957159246334,0.008611529205625138,0.07007046592949859,0.5971134546049747,0.3724610618071007,0.7069259162998648,2
27.757310388762736,158.76027162029987,510.234340028582,-0.008175708793818239,-0.0715092881724763,-0.5995863961178166,-0.3749237076317337,-0.7033832145686356,0
28.56256910010097,171.72412902926462,513.2810852513604,0.008586937452792246,0.06987233794604898,0.5954728242166198,0.3720156667363726,0.7085623333322973,1
30.747483194174027,182.9606037812172,518.9239892904625,0.008587634112271396,0.06987733788522685,0.5954998277665307,0.37167284454869876,0.7087190289145189,2
26.510364906900143,167.89882503165995,578.4272080995484,0.008557374513047531,0.06963403025273246,0.593496347750885,0.3714392442914768,0.7105440494288459,1
27.510936777107105,198.54928954661975,508.5587870071391,0.00835210759260818,0.07093434797006327,0.598630776496749,0.3739567059740948,0.7047667245725546,0
27.141242681766826,180.11259836863758,543.6267590083816,0.009474080382409364,0.0733021012237125,0.5983003236489995,0.3761234830393986,0.7036369035126783,0
27.524108318767464,185.93877405717973,521.4567954652559,0.008380837493797692,0.06820631063256256,0.5997124941179166,0.36913155094772243,0.7066572600961472,1
29.307511742769297,196.05878081727317,523.8353081400844,0.008414983517436357,0.06848047901517994,0.5990042439476851,0.37100773044257274,0.7062483923739341,1
28.34711449008055,178.1156524726431,490.8916354598836,0.008300477766414136,0.0675539771508477,0.6000416387069211,0.3701313481095257,0.7059181108347411,1
26.6107330538967,179.47815431195394,470.5805764078647,0.00861156243852409,0.07007073612600088,0.5971157517270911,0.3724624945831544,0.7069231939181317,2
30.54427427484976,211.93688870661057,508.4379522760758,-0.008123076549630955,-0.07168056230655061,-0.5998705980697622,-0.3752115714878865,-0.7029704508781305,0
27.055919328308757,184.4007936106548,493.9713805595542,-0.008521095812133771,-0.06934156863397914,-0.591070290399202,-0.37072951309021185,-0.7129619048145819,1
29.813026033830152,181.2682655431609,565.8583292449875,0.008583611705028409,0.06984552965830683,0.5952504977128174,0.3719509075875635,0.7087857863376487,1
27.043513447151916,165.75534929383386,537.8193729334747,0.008545921773550083,0.06954277093025812,0.5927610172125489,0.37206029955583675,0.7108419516319695,1
26.53823065240943,193.23459138072474,514.1116969082242,-0.008227786493077725,-0.07133969624118304,-0.5993047701313549,-0.3746385783433895,-0.70379164486678,0
28.76752055755694,172.90162524953956,480.73761316514475,0.009934657041673454,0.07502272514132127,0.5988711546904467,0.3780430309524292,0.7019328316369492,0
28.363756052248217,178.12864164964296,542.6528840818463,0.008394684476710273,0.06831822078156088,0.5995633765560916,0.36933395075395387,0.7066670646739613,1
31.40926788670329,202.4317555964411,467.3640849002987,0.008611261007045023,0.07006828537158499,0.597094916241072,0.3724494989338246,0.7069478858529564,2
27.20825578737585,183.7935128057609,516.5674610921027,0.008498973908505696,0.06916102818179108,0.5984392606362815,0.37085758965977494,0.7067387205638183,1
30.873714188975313,205.4831968550451,543.0517590360238,-0.008102635586822818,-0.06794965167519222,-0.6009328707793866,-0.37202603350518715,-0.7041260592713563,0
28.186403032394562,164.25226767368818,425.98222512350566,0.008386348375706438,0.0682487939861618,0.5992637506824599,0.3707886442076256,0.7061660638440629,1
31.049111203427696,169.96523202097094,584.7730419859155,0.00857413696958005,0.06976821173229834,0.5945871187900335,0.3712198726568891,0.7097329392951083,2
27.392010656420883,190.35975376909144,539.5961508448944,0.008610704063130742,0.07006375720235646,0.5970564192725695,0.37242548734600994,0.7069935037061734,2
28.832412985769142,175.4920976851656,458.3441121438339,-0.008320226960103698,-0.06885887011769704,-0.5993464813196011,-0.372237832696022,-0.7052744296151875,0
21.680473693228333,189.0994326538624,568.8716497478813,0.010100301415080764,0.07564124908219355,0.5990742869550371,0.3787321499306834,0.7013190020716725,0
28.48729673852533,176.07041512607705,507.4946009672918,0.008541658634866925,0.06950847054421647,0.592477845921511,0.37203061905006746,0.7110969224879258,1
27.034905339203295,175.6372883534119,442.9669196741908,0.008611565450759723,0.07007076061636143,0.597115959930213,0.37246262444549116,0.706922947169583,2
29.14779770137505,190.6569952943455,581.8715154837546,0.008599236143158735,0.06997077742397946,0.5962723921215763,0.37193652553472245,0.7079213224724977,2
29.387089218234145,199.57467974778336,506.8207271980691,0.008611015688244473,0.07006629083504386,0.5970779593664187,0.3724389224778826,0.7069679800102568,2
33.0153649031752,153.1934986510757,632.3479812414874,0.00860004841609432,0.0699777077349318,0.5963392658258027,0.3720893104955689,0.7077839957477706,2
29.093925044082876,193.16436437326325,476.75348452008126,-0.008177171564256428,-0.06826111626627039,-0.6003897064177698,-0.3720987308812584,-0.7045198994886038,0
30.317020193112995,182.4024452103104,388.41619738526316,0.008582563909854781,0.06983634482656272,0.5951569747875833,0.3715027075436516,0.7091002314112066,2
24.984672511985064,176.28118103413294,489.0021741609272,0.01042980814200271,0.07687118916215871,0.5994749792634253,0.38010103714097143,0.7000964149175386,0
27.057872941655614,154.9363989794257,460.79964258961525,0.00856889919497695,0.06972586321470867,0.5942329137453483,0.37104403965507265,0.7101256528415997,2
27.147765372400528,195.67825350915422,486.50607101714314,0.008602918982865719,0.07000065069795082,0.5965246278942687,0.37209383642926236,0.707623094516986,2
27.938516709893545,190.1285927796984,488.7724025636397,0.008610310394761988,0.07006055652637362,0.5970292082054844,0.3724085150758665,0.7070257445260681,2
29.78902044894091,169.02868445056112,485.86142364283955,0.008612033830849916,0.07007456872719135,0.5971483351967546,0.372482817764302,0.7068845761035565,2
29.27591399094689,165.69268107949875,522.3095127182864,0.008582255708791182,0.06983385298516424,0.595136133636832,0.3714923646211372,0.7091233907665113,2
27.776079208835245,188.918098525262,477.20095376298946,0.0093585219281797,0.07287020957865462,0.5981557073668907,0.3756410715750446,0.704063836391026,0
28.455343007583448,182.29257284530104,479.79069495665703,0.008590322583782091,0.06989907433599178,0.5956816222941412,0.37176304886676126,0.7085167366570729,2
31.871964852499335,176.17022467330472,536.0154638445922,0.008522463458854367,0.069354024934887,0.5912026826137415,0.37189641648384597,0.712242816965333,1
24.98670217591053,154.1870535967171,537.1226930603656,-0.008256431866297374,-0.06720080290604089,-0.6010507877536333,-0.36731208112404923,-0.7065661108648487,1
25.958962254803378,168.80888006078663,477.4763918930533,0.008612214265221003,0.0700760357280193,0.5971608071350878,0.37249059684577224,0.7068697932896455,2
28.33161270745218,174.77248783674608,555.629147042793,0.00846565056239944,0.06889685745086437,0.5874270063329606,0.3714938349656634,0.7156140011257122,1
27.58313717928199,171.54926314671496,461.14098557252447,0.008586631424055295,0.06986923107551997,0.5954320254175958,0.3716392001817153,0.7087944471460662,2
30.339230202812836,187.65432934630869,541.397611839229,0.00858178296385465,0.06983003078555344,0.5951041656515388,0.37147649957700063,0.7091589117312527,2
28.65310144033093,191.58180838522782,496.6815293203373,0.008504160925466622,0.0692029443410592,0.5983833032526747,0.3709333360583508,0.7067421837774522,1
33.3411900145107,167.60078354587162,534.261385230647,0.008437574907634922,0.0686648475302909,0.5991012887298955,0.36996072755956516,0.7066970015141535,1
29.05340825445825,177.45018499222218,523.6639541493623,0.008569044025100128,0.06972703420014385,0.5942427080019911,0.3710489020037917,0.7101147995179292,2
27.992638130832585,179.12676885956898,537.7552504266991,0.008352594598675217,0.07093275871459057,0.5986281315492183,0.373954031509221,0.7047705444614581,0
28.826158828744905,177.0611654155803,449.8542466550422,0.008570356436351125,0.06973935975859225,0.5943837984504478,0.3722295368204791,0.709377221757962,1
30.18555236384006,173.5149371768575,479.21306607873163,0.008292128207546028,0.06748933166768878,0.6006670460056356,0.36783434375763213,0.7065928290862384,1
24.86880380802799,151.5361093918339,524.7136451485821,0.008611116531107799,0.07006711072650253,0.5970849298072325,0.3724432701281112,0.7069597200689011,2
27.44551072669399,172.42304234499974,536.4660453297929,0.008549756983199886,0.06957362794062137,0.5930157531563723,0.37208696184213425,0.7106124269151073,1
28.1397495045525,171.7644259683165,503.24673460454085,-0.008549000891122012,-0.06956652785460672,-0.5929364378645234,-0.37127565918116223,-0.7111034934087592,1
29.56236285095237,192.23256934802433,530.4493159080403,-0.008158057290920007,-0.07156674295596026,-0.599681757478609,-0.375020283525891,-0.7032447824871798,0
28.91592916075005,169.3778356469653,468.9623003749354,0.008566966947443843,0.06971135658305436,0.594137712191697,0.3716264691842605,0.7099021624096715,1
31.713829737558722,175.56210162297847,490.75271194512186,0.00858365297395284,0.06984515003039919,0.5952306192021688,0.3715392546838889,0.70901838347958,2
30.405856752983322,199.0411250253436,461.80707549384783,-0.008520228255017217,-0.0693345745596012,-0.5910122665401127,-0.3707125090741421,-0.7130195361251992,1
28.78009998491669,186.3904345024394,542.0125963761542,0.00839151469417043,0.07080571521674595,0.5984166361531852,0.3737402112558244,0.7050758237518435,0
26.89823398564881,189.41009750293134,414.5456392133258,0.008377792757281288,0.06818170311475891,0.5997452784799255,0.3690870432475712,0.7066550950758714,1
29.624298855388787,192.97219734584905,530.1305243217188,0.008550240034160692,0.06957651704271561,0.5930192964742478,0.37129987553189836,0.7110207578620668,1
29.104339266297448,177.36524834505568,492.0262566151528,0.008164435829098093,0.06645306785671612,0.6012730543371576,0.3690890828837565,0.705522001630081,1
28.269878118406503,179.87897162643165,437.9749639207059,-0.008521452655841616,-0.06934444543417781,-0.5910941566712027,-0.3707365067548176,-0.7129381973498513,1
27.659522705335664,183.08214551478662,516.6342447126692,0.008599754299444354,0.06997532981274966,0.59631937858776,0.37207944552345273,0.7078061757170914,2
26.331414071454038,192.0626270165791,475.04269567352316,-0.008385099683965096,-0.06912992472090232,-0.5988730790379558,-0.37230072854552076,-0.7056160048776141,0
26.95114381084691,180.0512584017035,525.9083622045964,-0.008241937823856169,-0.0712935911031201,-0.5992281704427285,-0.37456104735219853,-0.7039026323880408,0
27.49448116244445,222.22412304209826,560.6874505243504,0.00861182255788014,0.07007285099690057,0.5971337316445824,0.37247370913791145,0.7069018847044194,2
32.18668695044959,161.9631516537417,453.0957311578353,0.00842088839880176,0.06852825411937744,0.5989507242163454,0.37105290213538283,0.7062653473047862,1
28.80793642675296,178.4462845308618,516.3310985002879,0.008202755950455443,0.06676318731923003,0.6009263100691417,0.36938278259478424,0.7056339854365116,1
33.8332477993622,178.425015571853,580.7764952938953,0.008577398195561633,0.06979457931437805,0.5948076555146162,0.37132933839465987,0.7094882101396144,2
31.245418595986735,175.71797456573904,483.6914797462938,0.00858222094610591,0.06983357192474036,0.5951337829129911,0.3714911980128341,0.7091260028729214,2
27.820161413371935,172.16966780678396,531.9646453922204,0.008605129929246152,0.07001858471701883,0.5966760536475076,0.3721882755285867,0.7074439370690937,2
28.11752476428559,162.05714796005026,504.52070407209015,-0.008112434193301299,-0.07171517923807648,-0.5999280127625142,-0.3752697414193242,-0.7028869910278638,0
28.393713591438345,181.88120164624124,458.72062827899794,0.009330719847412862,0.07276628993102989,0.598120830496174,0.37552496080953257,0.704166514861626,0
29.433431906620562,174.33577870601403,497.25279922137025,0.008592144900280665,0.06991380783646031,0.5958048462001124,0.3718241874946861,0.7083795545879312,2
29.996183650086245,201.62146989886799,518.0259990550707,0.00860126981946768,0.06998727355098876,0.5964116777536153,0.37202339326041756,0.7077566709007511,2
28.41719997811254,186.29545919424245,562.3025982321417,0.00856667723857394,0.06970902120828625,0.5941183424877181,0.37162081732587693,0.7099215644372034,1
30.27016041910396,169.96904904538292,524.8679506401786,-0.008171716695326705,-0.0715222834821671,-0.5996079674129053,-0.3749455524083431,-0.7033519063427031,0
28.549467440175203,168.77596850145017,520.2112899061804,0.008547160738758622,0.06955273932888101,0.5928433108443464,0.37206891684492654,0.71076781891143,1
25.146081732442333,163.20237127847497,541.5151365783437,0.008332314764201647,0.0709989291753937,0.5987382410349131,0.37406537904897363,0.7046114784091896,0
28.447956488954933,174.570029269888,551.7000188268169,0.008418404768402275,0.06850992247883025,0.5993078595965571,0.3696806134673007,0.7066837018322508,1
28.73321413901619,167.85152788665053,559.9093283031905,-0.008533036658777438,-0.06943783223887219,-0.5918688793253758,-0.3709634019339499,-0.7121677884115938,1
25.132216302264883,193.42101139571255,450.0402490618431,0.009845620808548831,0.07469019624809974,0.5987614959543216,0.3776723495096005,0.7022625618055939,0
29.403880826924414,195.50087658154516,479.334921846399,0.008604232780315881,0.07001130752510536,0.5966146087885623,0.37214995445740034,0.7075166457224259,2
31.995086923360525,178.40345422318083,534.3072774627624,-0.008130741583541382,-0.06618037409015246,-0.6015778638030094,-0.36883076258633185,-0.7054232711491605,1
29.528492923140547,179.87158410300276,506.8811246567705,0.008605026316374758,0.07001774426507248,0.5966689573091531,0.3721838497832374,0.7074523350405044,2
30.0236929113862,207.19311165603892,453.0699639988568,-0.008273129286641746,-0.0673357672642991,-0.6008713137820665,-0.36755639549409636,-0.7065786652482052,1
30.13805039346161,195.10818147202713,512.9893715494676,0.008399319950898846,0.06835568393718247,0.5995134502081753,0.3694017017568886,0.7066703316656552,1
26.4984068291935,184.1393283549245,481.4092187877643,-0.008536070628627733,-0.0694622908734921,-0.5920717762940874,-0.3710227844749327,-0.7119657511153618,1
26.345185772839937,185.58484222730775,476.8022851500472,0.008571982762642223,0.06975178941455554,0.5944730589919752,0.37172429505946775,0.7095660924679602,1
34.05555270474985,185.35183209890036,547.2468848324256,0.008472457557249966,0.06895163634963832,0.5878795051148561,0.37154249190314503,0.7152116843871897,1
27.836252366022205,174.62313832341454,412.91501806065355,0.008541363427540385,0.06950609534845255,0.5924582368310365,0.37202856209409085,0.7111145719344198,1
26.84060729995351,163.44406304137826,486.90818084338133,0.008483107100615832,0.0690373359089763,0.5885873745921278,0.37161838580078693,0.7145813886115944,1
28.95617267363557,178.87552698484913,513.4171087018768,0.008611646377040991,0.07007141857846753,0.5971215537044606,0.37246611343180375,0.7069163177432358,2
29.219534327629848,191.64785241822793,516.1942242163831,0.00855192229661553,0.06959104929593508,0.5931595694421296,0.3721019987558118,0.7104827782459479,1
25.398603194827384,169.994127275364,443.74918452905064,0.008531702098883875,0.06942836063170367,0.591816451164465,0.3719611231706892,0.7116917336740589,1
27.614595932781256,154.4345751781194,474.43061233587554,0.010544861891356302,0.07730050546105226,0.599613830582329,0.3805784057211183,0.6996690424881725,0
27.704189065440517,184.85855595141837,546.8156351025897,0.01005404519720731,0.07546854157879807,0.5990176771105779,0.378539779045717,0.7014904657913812,0
32.11655155314767,174.93187790397937,535.642754518622,-0.008170189633168942,-0.06823194128044253,-0.600440596912999,-0.37209192761291093,-0.7044830283083687,0
28.409761197866676,185.25329323107437,470.43887160213643,0.00843789509366569,0.06866584985569497,0.5987965690185916,0.37118298944526495,0.7063141371004993,1
30.23307484311275,168.13746708202675,472.34029632976467,0.01029235363143276,0.0763581899164689,0.5993083764535615,0.3795303154250882,0.7006066684490916,0
30.185146148541534,152.76192439360278,516.706128191172,0.00844232838790486,0.06936903309161149,0.5984552921040559,0.37235611802784013,0.7059170270359059,0
29.959264500855618,191.1348626356758,476.7143770564032,0.008592883124048595,0.06991977639620316,0.5958547641528913,0.37184895389173045,0.7083239673724513,2
26.36481949594975,178.1299128462227,482.72142380265797,0.008607125976859954,0.07003477557655716,0.5968127606646615,0.3722735350470399,0.7072821158517764,2
26.177970849564684,186.8861966441888,556.8200348817819,0.008611991720963962,0.0700742263577445,0.5971454244908971,0.3724810022792119,0.706888026033559,2
30.55075853293523,183.54244177977876,571.708076430287,0.0084667755021247,0.06890082869381112,0.5987865151527737,0.37038732094705523,0.7067170093260547,1
28.176728265701534,211.73526144890576,529.2381572755456,0.008605716215761434,0.07002334035792483,0.5967162077925389,0.3722133183039037,0.7073964139635007,2
31.166947531277902,207.26357506662814,540.2461720848823,0.008558802940259501,0.06964640786536977,0.5936165476768657,0.37214970293575267,0.7100705019170356,1
31.136967762073205,188.77021169319627,493.78630125450235,0.008597357010810172,0.0699559477940423,0.5961572805327549,0.37199903467950113,0.7079869108154299,2
28.60952953319183,175.8195844342504,529.8344192901752,0.00859215612903138,0.06991389862122177,0.5958056054769495,0.3718245642075509,0.7083787091427484,2
29.077712218422405,197.93199203701795,573.113437944963,0.008382792232330303,0.0682200209614462,0.5992959746339481,0.37076143277183304,0.7061558272017113,1
29.257998384493135,188.56347463023852,446.53827020167734,0.008326846997755124,0.06776734913655742,0.5998028145062935,0.3703332397211764,0.7059944229794075,1
31.025173937584196,147.60015455528597,531.2733739343523,0.009923989033119987,0.0749828850383229,0.5988580331927931,0.37799862717167726,0.7019723465563207,0
27.70915552816744,187.23622091039792,483.8084210006822,0.008606941420643097,0.07003327855704858,0.5968001206437734,0.37226565189565164,0.7072970810573272,2
27.885353687058412,159.4999893027444,502.4986802988186,0.008576807450886232,0.06978980304732124,0.5947677073007801,0.3713095103703578,0.7095325529003339,2
28.803229121946334,174.47567380141538,503.3500257189141,-0.008217641045935782,-0.07137274463125441,-0.5993596674183713,-0.37469414874405954,-0.7037120758297002,0
30.79035417681655,212.33335708348577,478.49221472691954,-0.008298751845482644,-0.06876913965740139,-0.5995031497449411,-0.3722169867034472,-0.7051612754568195,0
27.1001626279881,183.04665141123138,466.41418653603455,0.008512165970885149,0.06927116735744612,0.5905184989442623,0.3718240427110806,0.7128561089518871,1
27.764954349617287,185.95433794889814,478.05334380097446,-0.008104054468539797,-0.0679555808899248,-0.6009225334626731,-0.3720274188025452,-0.704133561025891,0
29.062723201063598,171.40873128745332,540.8423592507354,0.008437394981940002,0.0693484210115417,0.5984913136005889,0.37235134668985764,0.7058910886475446,0
28.51898090714227,190.58926519807656,533.4947028332346,0.008340997264406505,0.06788431634319687,0.6001413541916387,0.36854908069625114,0.706628670141699,1
26.753101515383133,192.8688787014133,464.7635754775965,0.00861188870720333,0.07007338881589342,0.5971383039909586,0.37247656103330296,0.706896465502804,2
30.204724226985835,173.47520269032998,513.849119272366,0.00837394814770795,0.06814846232121353,0.5993761116628721,0.3706937548790483,0.7061303569010766,1
35.16596621237485,157.57443553758617,496.85733392529556,0.008554866317326248,0.06961381100966009,0.5933286385777384,0.37139025932455083,0.7107117091348181,1
27.730550653592978,187.57492521106374,451.48502476130363,0.008568921948269834,0.06972604718059844,0.5942344524608717,0.3710448035496434,0.7101239477644362,2
27.65324212167838,208.4299343755312,512.8321591547408,0.008611172625055353,0.07006756679167893,0.5970888071131075,0.37244568850787574,0.7069551253948554,2
28.90569620878119,167.02776141905747,434.8949899165714,0.01009205303740915,0.07561045286958182,0.5990641988411317,0.37869785021019886,0.7013495803059654,0
29.02221437795096,162.24960790958593,557.3285148755033,0.008302634991954596,0.06757425455781448,0.6005540562542456,0.3679880358299704,0.7066006066907381,1
30.361734838078505,196.06056447754506,477.25063254071375,0.008297324080216632,0.0675313283170817,0.6006111719737875,0.3679103500851934,0.7065966802280508,1
26.857087951625168,196.0289243302791,508.5962732899682,0.008598488250436053,0.06996471090210432,0.5962211691289122,0.3719045794907576,0.7079818546153199,2
29.97132607628626,190.5908787532837,559.1759955549243,-0.008006819046461387,-0.07205844499292399,-0.600496860708752,-0.3758463534262289,-0.7020587655240115,0
27.116803810913893,188.54574147367387,529.4654573305592,-0.008233771768317818,-0.07132019727158685,-0.5992723762177118,-0.37460578945837575,-0.7038385866590816,0
25.46342881280832,190.92565356167614,511.3195872841575,-0.008080172405714039,-0.07182008785788771,-0.600101956788619,-0.37544600528072297,-0.7026339903329452,0
26.620508310696454,177.62606664268102,529.8706345894257,0.008590591208479019,0.06990124617921838,0.5956997865948133,0.3717720614287891,0.708496518069894,2
26.84326552556617,157.40115918685288,461.9186399551014,0.008460800890195611,0.06885116932144744,0.598588912509792,0.3713581718237651,0.7063797515298846,1
28.675830736248418,177.69232615411818,476.9853274958155,-0.008594970482578889,-0.06993617654859222,-0.5959802371553787,-0.37175431837627737,-0.7082664338940367,2
31.376030287839477,187.88276711987012,535.5936044154603,-0.008229362594622851,-0.07133456173692837,-0.5992962403818384,-0.3746299444327341,-0.7038040060212836,0
25.542962037939574,171.05518465532927,542.7995183255496,0.008471183551533533,0.06893645121509263,0.5987389853262497,0.3704517094408181,0.7067200033718969,1
25.00301434121113,169.40898442673554,512.5160213933034,0.008553858947976055,0.06960569030653715,0.593261280488642,0.37137058193446465,0.7107790256617611,1
29.422802854811962,185.19763045599024,533.9528075612491,0.00829863092767776,0.06754189112987516,0.6005971180319407,0.36792946640991253,0.7065976473399629,1
31.306659764424595,171.87253767620192,463.06095974495463,0.008610622725353406,0.07006309589501701,0.5970507970657992,0.3724219806249012,0.7070001653750915,2
27.5965669921904,173.72521410659667,478.849725682037,-0.007984586004113923,-0.07213064260757374,-0.6006163923290525,-0.37596758160494037,-0.7018844232714725,0
27.290964462302142,180.1912080041542,474.8309729325671,-0.008219561045839076,-0.06843824442939128,-0.6000806845355714,-0.3721400070805592,-0.7047436645284851,0
28.746857833408672,192.75967069608475,508.974899613129,0.008195202324971586,0.06670205790937805,0.600994667352224,0.3693248959750474,0.7056119366597456,1
31.47264238072173,176.48668423312694,522.2947152254405,0.008420856031407015,0.0685297327314484,0.5992814490429983,0.3697164338133513,0.7066854097239568,1
29.054734745580244,195.8219815633917,491.4964570979583,0.010668315915761187,0.07776108586854866,0.599762212309855,0.38109028041643694,0.6992101882963201,0
25.89728634807201,190.62489704528397,529.5500469460662,0.008611884707835644,0.07007335629953,0.5971380275465443,0.3724763886075745,0.7068967931504426,2
26.835931320035424,182.03053168843314,472.27332486182553,0.008377016273064912,0.06817542756783623,0.5997536390678486,0.36907569248674793,0.7066545424141869,1
26.11109639932787,175.37598125277754,470.8826165437037,0.010212026797024909,0.07605835062103752,0.5992106534656559,0.3791965850451067,0.7009046900063481,0
28.703090391560043,176.54523259621487,427.14409142309773,-0.008029320985957145,-0.06764327907448672,-0.6014668765676574,-0.371954379389252,-0.7037381990809212,0
28.08880051940004,179.72821188961973,498.9329315723971,0.00860565983135793,0.07002288299795364,0.5967123460833658,0.37221090988722405,0.7074009846389333,2
28.35155984470464,161.4689690391401,525.7689989109067,0.008515591449128153,0.0692987303404143,0.5907461021519285,0.3718481473201284,0.7126522074633386,1
29.162046361580078,167.01772801125264,552.9259868831772,0.008457138317187978,0.06882153756503147,0.5986221184897459,0.3713301628264446,0.7063692675993228,1
24.888471581827385,170.76954911759435,549.0785862425519,0.008412129879846245,0.06845739074707158,0.5990301074923512,0.37098589965729545,0.7062401958938309,1
28.92189188149214,186.69132224856617,548.5206839936138,0.008431478955386651,0.06861558292228115,0.5991669832772787,0.3698716583384216,0.706692786471782,1
28.889029560269393,176.6303785258313,472.38959174107333,0.008318523183862886,0.06770267183581392,0.6003831603131762,0.3682204209841346,0.7066122931148037,1
29.142831047143147,193.69448640334133,513.9392426299531,0.00860298091887083,0.07000115308992559,0.5965288698408044,0.3720964819876293,0.7076180769484856,2
27.85747488409772,189.59672216031055,535.5192064442831,0.008611992634172755,0.07007423378213386,0.5971454876035519,0.37248104164455975,0.7068879512290585,2
28.458859936999286,159.31363746372858,488.37922694521774,0.009910648302238674,0.0749330626511732,0.5988416176113099,0.37794309481930116,0.7020217583999964,0
27.72688900792167,191.76014649313532,458.2755854693801,-0.007919982252925862,-0.07234030676042326,-0.6009632958203498,-0.37631953716574534,-0.7013778417679183,0
25.186188690553706,172.16973649464708,542.8155293108139,0.009502994583894303,0.0734101541906281,0.5983364207462333,0.3762441383694333,0.7035300407991657,0
26.925638768046593,182.20039444426934,516.8426723703635,0.010052662259826803,0.07546337790203118,0.5990159832577865,0.3785340268866374,0.7014955914813712,0
32.56744843108079,196.2504345795804,528.9142413170185,0.008610326053208321,0.07006068383573899,0.5970302905490863,0.372409190162287,0.7070244621760051,2
28.897758590430357,172.28277400651362,484.3467180527038,-0.008378899082608714,-0.06910401743959585,-0.5989183359626867,-0.37229472185704054,-0.7055833726420617,0
25.703131878957446,185.82556116785227,503.25307127179104,0.010911552497767284,0.07866830482749197,0.6000527278391984,0.38209775722935224,0.6983052796382777,0
29.6954767144571,172.28463850868704,532.9065414833982,0.009701477244876027,0.07415176046280339,0.5985832644751786,0.3770718404364409,0.7027960588959274,0
28.170985233651546,169.0671776245603,470.1796148690131,-0.008041303225965574,-0.07194642065814205,-0.600311314413619,-0.3756582184266485,-0.7023291811625225,0
29.174741744519572,177.95618544196395,502.3605808974563,0.00832556918680078,0.0677570096122253,0.5998143885749677,0.3703234573659282,0.7059907285008125,1
31.948133595599,168.11261622595293,514.221400204977,0.008611240277180748,0.07006811682982912,0.5970934833563311,0.3724486052053218,0.7069495838875804,2
29.39691560472361,210.66097719271366,490.7187790878919,-0.007982348221678115,-0.07213790816995416,-0.600628419170121,-0.3759797804009095,-0.7018668756513705,0
28.38797965291645,180.09369679139502,495.58876158182215,0.008279765978691003,0.06738637918990836,0.6002291925927544,0.36997274163551297,0.7058580651810702,1
27.607827804855624,151.90331871671154,488.95121626102434,0.008170449847766407,0.06650173935165511,0.6012186419310469,0.3691351825744139,0.7055395977497162,1
27.721212750838035,177.59583120318246,507.1326445915916,0.008474486978714597,0.06896189449360166,0.5984648226444357,0.37146282687319393,0.7064189015639663,1
29.172073436106405,181.15031348121977,520.7239577341818,0.008377725091593338,0.06818115624072123,0.5997460070548428,0.3690860541033368,0.7066550469247136,1
26.55125651966718,171.38334655154694,488.17136558419804,0.008486682933743168,0.06906611098460516,0.5888250405664117,0.37164380596878105,0.7143695133565311,1
28.320467182708825,184.25826796401242,516.7830465617079,0.008296288173089812,0.06752295541488365,0.60062231199933,0.3678951968788332,0.7065959131898887,1
26.74354462451027,181.62268547627679,449.4606317789474,-0.008000319537703056,-0.07207955319267487,-0.60053181182659,-0.37588179827638235,-0.7020077988225095,0
28.070316573164526,167.42746839368365,530.8432476187543,0.008462706061388433,0.06887316143588329,0.5872312589768037,0.37147275197856106,0.7157878968367221,1
28.843897501089845,174.83599667081884,489.0579308398962,0.008558072024243172,0.06963965306199818,0.5935429859137987,0.37145286444468967,0.7104974113204068,1
29.61753770595672,195.15356015691,483.2618579970273,0.00860339066046315,0.07000447669681559,0.5965569327242715,0.37211398385509287,0.7075848810917663,2
28.86184151117736,175.2090200103073,553.4560643247987,0.008549283445364639,0.06956981800699365,0.5929843011740077,0.37208367181424945,0.7106407741647283,1
34.69038148807652,195.33664704156755,557.9787423682816,0.008611094259360496,0.07006692964848713,0.5970833903408188,0.3724423099219194,0.7069615443462456,2
30.323856945840856,155.396773448934,493.26003025179244,-0.008595150580461699,-0.06993763741257869,-0.5959925720960878,-0.3717620112616552,-0.7082518699224339,2
30.14613564306108,167.72730356135003,491.29073350989376,0.008479535292441042,0.06900394322948991,0.5986489236931789,0.3705736970762965,0.7067256571656426,1
30.27247570616321,163.41509172723482,500.91820046757795,0.008421991654939604,0.06928406460313864,0.5986037742693869,0.37233644510724256,0.7058100888510863,0
29.034363579312505,188.2637032296026,477.88724064960877,-0.008394815448916997,-0.06917051885044014,-0.5988021619750875,-0.37231013835873716,-0.7056671298032795,0
30.69457691044142,181.19321032153277,482.75380894774736,0.008600762574442446,0.06998315904400561,0.5963769368071463,0.3720017265104832,0.7077977458646674,2
28.692603708782705,191.08453731354066,530.266884599202,-0.008056037869658549,-0.06775492696406409,-0.6012723069038868,-0.3719805081675797,-0.703879595257459,0
29.390454854545528,187.51616767007923,526.2976334512722,-0.008070167387534388,-0.06781397255097653,-0.6011693928553616,-0.3719943187795378,-0.7039543489565612,0
28.448172601966704,160.90477675124666,507.65547634610243,0.01032085615851937,0.07646457388040842,0.5993429874264579,0.37964869686889346,0.7005008916895985,0
28.083174695558974,187.40020199883043,540.4508470905212,0.008602200281674723,0.0699948209727171,0.5964754045522701,0.37206313750203596,0.707681312925287,2
30.60184632547437,188.45773514008937,533.666758420152,0.008381227385814148,0.06820946172887392,0.5997082958239276,0.3691372502750806,0.7066575370980469,1
29.90786773652404,198.5654249907981,578.3573253683377,0.008290955837819101,0.06747692701742837,0.6001278671568834,0.3700584344941456,0.705890517355951,1
23.885482108095232,196.37110436726638,532.1315160707502,0.010029575744850907,0.07537717481021004,0.5989876946293253,0.37843799463080097,0.7015811535599238,0
23.163439176110032,169.971167856538,528.1096780439403,-0.008595705146231898,-0.06994213577199739,-0.5960305543974707,-0.3717856995382865,-0.7082070201149953,2
33.114370874227575,197.47502091415868,465.0446332581963,0.008148719385004704,0.06632587303399191,0.6014152395250069,0.3689685999329604,0.7054759803630829,1
27.065170850297207,180.84503344987988,477.27558906375543,-0.008044399894954517,-0.07193635831789782,-0.6002946435482344,-0.37564131764055336,-0.7023534647105091,0
26.94055316357657,176.88378046649592,519.9391885161399,-0.008335982605848597,-0.06892470202044752,-0.5992315244568062,-0.3722531187725291,-0.705357421813002,0
28.360285160739195,154.32499632330206,506.70700214015574,0.008341212402789606,0.06788605515722222,0.6001390390421442,0.36855222657110126,0.7066288260451151,1
26.474517530480792,195.802019717025,510.6708407810392,0.00860123711845934,0.0699870082977749,0.5964094380876059,0.3720219964562523,0.70775931905012,2
28.85808469176239,203.5223056267449,487.12322832832905,0.008332722616718205,0.07099759858958964,0.5987360272249814,0.3740631401602691,0.7046146773979305,0
30.00021245231808,193.1522210439469,459.6603783854706,-0.00825023713741555,-0.06856642472903324,-0.5998570006424786,-0.3721698469350763,-0.7049054991980028,0
27.425316841131494,191.80150389757623,500.6730453147198,0.00856564926210026,0.06970148926035656,0.5940712132644588,0.37219705109455664,0.7096598345507634,1
28.830672320012336,181.651828820117,477.5317577755731,0.00859162493026616,0.06990960386159803,0.5957696862544664,0.37180674287656307,0.7084187025769069,2
28.62111213438802,146.46627176233523,479.7484967381323,0.00856167257473791,0.06966867786837476,0.5937837281527981,0.3715231563036837,0.7102565744841142,1
29.1304493030986,158.63560127900445,544.2322950171846,0.008470582658434223,0.06893030736459237,0.5985002238133097,0.3714329724197777,0.7064077371114195,1
29.691211066712594,175.7656615965762,496.6295470097314,0.008575592638704964,0.06978088863869993,0.5947143999838738,0.3717946692931353,0.7093240395818526,1
29.768772824071082,183.09641199186893,497.19691362671705,-0.007940683925636538,-0.07227314194705763,-0.6008522027494205,-0.3762068054156054,-0.7015401688442706,0
29.68840125738744,154.28182871235737,522.3538804717674,0.008598880009743456,0.06996788865261298,0.5962480006334594,0.37192131339074674,0.7079501481081685,2
29.41887753738306,172.76086741890677,474.7263961492984,-0.008518509509497056,-0.06932071833867462,-0.5908973124938337,-0.3706788175005152,-0.7131336854676906,1
30.001321337310177,196.12964666612814,493.16637311867663,0.008600689938573313,0.06998256985950001,0.5963719620046268,0.37199862389526184,0.7078036272888295,2
26.46511920821257,179.61074757638508,486.0915505685487,-0.008292046575360435,-0.06874112251332214,-0.5995520625290512,-0.3722104752902689,-0.7051259365819367,0
32.55322629256941,158.15253763680886,549.4655974518207,0.008601563376898921,0.06998965473548126,0.5964317833417292,0.3720359324333555,0.7077328974519481,2
26.16823512573549,179.36516322327645,502.02533481266397,0.00861182966082555,0.07007290874648393,0.59713422261062,0.3724740153667692,0.7069013028092863,2
27.833744065877006,188.62716624637198,468.79359035526335,0.008606445820054619,0.07002925851380912,0.5967661775597034,0.3722444827486451,0.7073372649778369,2
29.315967131308884,160.3621081869978,517.0444057114246,-0.008049029030981486,-0.06772563769354312,-0.6013233530975824,-0.3719736554964256,-0.7038425077862007,0
25.123426502677304,193.28412793034798,492.3609668085101,0.008580582683520077,0.06982111308473758,0.5950480026179016,0.37189190713607095,0.7089891887437787,1
26.11951176756954,201.43576968374964,485.6558475974511,-0.008174225768702888,-0.07151411588599668,-0.5995944099272518,-0.3749318229552732,-0.7033715838598777,0
27.39053526841434,187.00125732926335,423.1065622665882,0.008519465147547674,0.06932989960052632,0.5910034770815474,0.3718753707554969,0.7124214921224395,1
28.929268591913228,193.92943592567605,519.3588928188126,0.008584314178385765,0.06985049593616012,0.5952753308244645,0.3715614429841,0.708968682218726,2
28.165949571734732,171.85485288913975,533.803453952552,-0.008379035879499987,-0.06910458900374467,-0.5989173375302764,-0.3722948543873708,-0.705584092606037,0
27.209333296760647,171.366480067336,445.55082494861693,0.008462537316879246,0.06886657873542243,0.5988322103533623,0.3703254114415041,0.706714124154474,1
25.855769603239118,168.61188251715123,459.292462927249,0.00834035191789178,0.0678766245508656,0.5996804841465577,0.37043662124537124,0.7060334474679867,1
28.5776593134018,167.33747950589114,436.4762155341173,0.008184635271319428,0.0666165407988104,0.6010902888623846,0.36924391026362136,0.7055810708955008,1
29.686783717825005,185.5002918865568,469.4360201174517,0.00861160723054611,0.07007110030208201,0.5971188478231684,0.37246442570168736,0.7069195246167744,2
27.386051593841483,167.33275969403542,505.68648889353125,0.008611744387690985,0.07007221544287384,0.5971283283769352,0.37247033897583604,0.7069082886163673,2
29.462269407551798,165.5431146020009,522.1600317121033,0.00827723161580568,0.0711785643331741,0.5990369943762188,0.374367587135486,0.704179443385922,0
28.21868371098329,188.40606665756786,512.8572375670351,0.008436808271842337,0.06865865195879414,0.5991095509105996,0.36994952633344963,0.7066964721510512,1
28.45179645551126,192.22200547207385,488.40046995394744,0.008468793102149838,0.06891713343094223,0.5987647607700947,0.3704167923759547,0.7067183805794885,1
25.744113833052456,192.52908430320005,430.59849168632013,0.00941461664557178,0.07307986912530713,0.5982259775155588,0.3758752852247906,0.7038566242529661,0
30.07036186565186,204.75248802495457,537.6898034333501,0.008572973934647532,0.06975880836945358,0.5945084691295701,0.37118083180073486,0.70982017653045,2
29.28543543541429,163.73276177026474,477.802774731508,-0.008314178666050212,-0.06883359835361401,-0.5993906079466611,-0.37223196286212007,-0.7052425647250367,0
27.228229499342103,166.664694647835,544.4613122765209,0.008599392388147418,0.06997204480272642,0.5962830932923092,0.37194319949230226,0.707908675184776,2
26.982824855139015,173.64538066329766,611.248838117565,0.008260719139572067,0.07123238750046537,0.5991264614925893,0.3744581160560338,0.7040499342727159,0
27.270028410225112,170.86571584437348,522.5749866512001,0.008483537638852186,0.0690408005068476,0.5886159905811114,0.3716214481227555,0.7145558847157212,1
29.24363432144562,183.7433722904015,522.7636299789455,0.008361321070132948,0.06804857783014603,0.5999226115386875,0.3688462419722165,0.7066433253861745,1
27.2764003704771,174.82963875839746,516.4688872824593,0.008594542585819176,0.06993319317400616,0.595966974735372,0.37190462452263723,0.7081989816525243,2
24.423031500762868,193.08359593292056,491.6198313213471,0.008601832591498071,0.06999183846313667,0.5964502216870659,0.3720474318036753,0.7077110939941225,2
28.019407308380515,182.65259989631556,518.9294745675116,-0.008539635057821852,-0.0694910256792811,-0.5923101419908972,-0.37109252628195205,-0.7117282519441832,1
26.351190553802454,199.42945441266502,558.0699915818774,-0.00819836656954965,-0.0714355177155645,-0.5994639185276859,-0.3747996911490916,-0.7035609110036444,0
27.714391002711555,182.1308032893637,511.7251365180501,0.008411103436453963,0.0684509153656102,0.5993865201394768,0.3695739146604255,0.7066786020548862,1
27.004109693642437,162.24602494327718,499.5570541245856,0.009766909989986536,0.07439619327794605,0.5986642787292732,0.3773444979573959,0.7025539304066544,0
27.02210321529133,188.20050478727296,541.2131431000239,-0.008520508148187358,-0.06933683100441516,-0.5910309863652607,-0.37071799510854747,-0.7130009439446541,1
29.02919896521446,170.2041644736433,489.97871987928426,0.008582540888783319,0.06983689795490411,0.5951789123974679,0.3719300519032483,0.7088577053291745,1
27.249089991726837,179.3708439898734,524.5234140977038,0.008600400667313247,0.06998022344161484,0.5963521499547304,0.3719862677911323,0.7078270489707341,2
26.494917359794268,201.35747490946483,514.7060717469492,-0.008232526609265885,-0.07132425391219493,-0.5992791158053651,-0.3746126110845925,-0.7038288210107768,0
28.240470511617026,169.927535848233,535.1169100310462,-0.00815126444639846,-0.0681528591800583,-0.6005785287647976,-0.3720734800185316,-0.7043830640547222,0
30.088291912045168,193.4616349773812,468.48171330690997,0.008581843568553179,0.06983052078193577,0.5951082638694224,0.3714785334479959,0.7091543582252996,2
28.741335822816247,191.7613718519618,531.327146505845,0.00861047621924133,0.07006190474378551,0.5970406703018457,0.3724156642912759,0.7070121641096149,2
27.460217858829893,161.9439856325406,490.952427757897,0.008299018041720365,0.06754216531213866,0.6000548580237823,0.37012017071616604,0.7059138819966537,1
28.26054164911937,180.72170116381497,452.6800574772333,0.008184296878254263,0.06661380223296008,0.6010933508730307,0.36924131671133287,0.7055800820645304,1
27.583226446625773,174.81854692770142,536.5135420698904,0.008354380842942885,0.06799248576915586,0.5999973160623734,0.36874477220114127,0.7066383374060162,1
28.59269427739354,171.02420185538003,564.8650695203648,0.008498704356240842,0.0691628464869825,0.5896239728826533,0.3717290322869999,0.7136563387563584,1
28.762584949753098,191.65315435479755,529.3281102122824,0.00846310362120151,0.06886979932366073,0.5985680348171751,0.37137578120154197,0.7063863414946986,1
29.378191088251143,169.62288192710614,469.95480560954564,-0.008524408628552957,-0.06936827580303195,-0.5912918544387809,-0.37079443029536835,-0.7127417555510052,1
30.427339279713625,182.57024894311292,501.31592167020926,0.010183971749231678,0.07595361994651517,0.5991764595726125,0.3790799899091465,0.7010087487905855,0
27.089053905492044,210.30811918782086,514.8582754702485,-0.008299079808117862,-0.06877051000635359,-0.5995007573095656,-0.3722173051532655,-0.7051630038207497,0
29.333983159898107,169.4868024097388,445.8626294862903,0.008581586802330572,0.06982844479549769,0.5950909007861898,0.371469916443192,0.7091736498521117,2
26.607801939405036,163.3560430169278,530.8745475168982,0.010754261926064065,0.07808168256137533,0.5998651418505939,0.38144642448864025,0.6988905733633908,0
29.62206578821586,184.93592013557483,541.0472840223231,0.008524064053415263,0.06936690373013148,0.5913090223242726,0.37190764218315137,0.7121473996319791,1
30.662551857690545,202.13978856326634,544.6840610012883,0.00857912846847678,0.0698085688353487,0.594924662008678,0.3713874120047148,0.7093583008678916,2
25.83155613868301,195.74909974937214,504.06607419887763,0.008510773528066251,0.06925996304464757,0.5904259768243075,0.3718142359305138,0.7129389623968369,1
28.183464864918566,189.59415722103833,555.6130326547869,0.008355664512525198,0.06800052485743777,0.5995417653142071,0.37055382706645207,0.7060776475572621,1
28.148212636328577,183.69005101286535,548.2611431090226,0.00861029160676066,0.07006040377290132,0.5970279095512887,0.37240770507015136,0.7070272831530802,2
25.859168662999675,182.43998307872036,493.82922478295046,0.008351623859336882,0.06796783052337545,0.5995783715944523,0.37052290046396,0.7060659890837238,1
27.1542162079173,174.1697945367056,540.2757940373805,-0.008059606421200164,-0.06776983956076275,-0.6012463158267065,-0.37198399669141907,-0.7038984766999673,0
27.078459677940696,155.19794268262774,520.007318790804,-0.008266095027001366,-0.06727891000594713,-0.6009469278534108,-0.3674534753148092,-0.7065733884912683,1
27.830205495682616,176.19763491524,538.3029787223,0.00860473638796013,0.07001539252127449,0.5966491004036482,0.3721714657057731,0.7074758331022477,2
31.264521934056305,171.2831042128489,501.11855197910575,0.008351967621683505,0.07093480473793144,0.5986315366776899,0.3739574746404648,0.7047656266937765,0
26.295019558564096,168.63605515589418,505.7219293825118,-0.008520778914252548,-0.06933901386697956,-0.5910490957112609,-0.370723302100519,-0.7129829571744597,1
29.122277803557,186.41236955521032,396.8570338931299,-0.008167184692920037,-0.06821938468045272,-0.6004624988652503,-0.37208899915812127,-0.7044671580776631,0
28.829956593473458,161.0320530887258,431.15681437651887,0.008612012243828526,0.07007439321643058,0.5971468430644267,0.3724818870814062,0.7068863446657637,2
29.401603460360175,181.65274454755146,529.0896929394445,0.008395455127457293,0.0707928489645611,0.5983952103774166,0.37371855385543523,0.7051067320415066,0
32.78654758540323,185.6837202948744,507.7409726729435,0.00834022384514483,0.0678755882541848,0.5996816443140571,0.3704356408888571,0.7060330775660668,1
28.243793595263977,161.68941940088703,516.7328373143924,0.008598463035682178,0.0699645063728638,0.5962194421722709,0.3719035024464795,0.7079838952442726,2
26.699500003325713,192.45274555295035,506.9469828144533,0.00860806888746187,0.07004242395283694,0.5968773393640155,0.37231381058456503,0.7072056477422775,2
33.21957478976927,188.55049882409702,515.2151784264095,0.008584417248390812,0.0698520230217443,0.5953043488503877,0.3719665951955444,0.7087316748662538,1
25.68483755715994,164.31496059000384,441.9935991154034,0.008610382539802033,0.07006114309364918,0.5970341950066251,0.37241162547668516,0.707019836174017,2
26.52868449846165,179.08193404198445,507.31049320069593,0.010952254925952688,0.07882008437699839,0.6001011045011053,0.3822662094441254,0.6981537451769583,0
23.848503607441245,198.389092384383,563.735767786066,0.008457579651970231,0.06882510815508074,0.5986181172639221,0.3713335379141456,0.706370531051114,1
25.425675495350486,188.99807056070605,477.21834193399343,0.010731882082837001,0.07799820493691001,0.599838368859181,0.38135370337439484,0.6989738127430607,0
28.193420826472547,160.0234244261738,441.23161137960074,0.008591245576049032,0.06990653676866027,0.5957440345838361,0.3717940156412519,0.7084472611335227,2
29.881624004908332,174.78740108459635,448.4026298003882,-0.008293199775415254,-0.06874594102431014,-0.5995436504573435,-0.37221159523676806,-0.7051320145885805,0
24.55681930748578,191.61238621266077,549.3271245455851,-0.008209428564694716,-0.0683959053244342,-0.6001545587130135,-0.37213014517080145,-0.7046901915938936,0
27.339196896307804,152.27050262903555,497.7300814347535,0.008599640814180251,0.06997405990650603,0.596300107908234,0.37195381093155466,0.7078885653548797,2
26.544113698040967,178.97635567053365,503.7973735549803,-0.008008608434346615,-0.07205263333798123,-0.6004872371443584,-0.3758365942550932,-0.7020727972692542,0
28.62323717025528,196.32175040403405,515.3776442929891,-0.008274252575458189,-0.0686667720055349,-0.5996818536477148,-0.37219318978595645,-0.7050321376003034,0
30.672883821700307,189.40460136917469,535.1907972617314,0.010699139119921057,0.07787606755812025,0.5997991613525636,0.38121802596232873,0.6990955794781728,0
25.601326799742196,164.19880172311275,498.83567450654044,0.011051761324970098,0.0791911062472382,0.6002190864577746,0.3826778659150084,0.6977831514542923,0
27.77470949070803,179.4608661008178,446.55619733570074,-0.008263254915587595,-0.06725595353437348,-0.6009774550397313,-0.36741191915691634,-0.706571252972962,1
31.945356926175517,152.78204848321656,487.00666713556683,0.008413635828353316,0.06924915303461983,0.598664775972445,0.3723283587554596,0.7057661403131095,0
28.989133796710053,181.22085023586385,454.7407170013347,0.008611969888148595,0.0700740488483394,0.5971439153633035,0.37248006099594966,0.7068898147219859,2
26.395260452657908,166.31810768931348,490.61266870507825,0.008289646707789361,0.06746927438387858,0.6006937293452242,0.3677980426915144,0.7065909864194352,1
32.637268892295154,154.59865257016352,439.04582349275705,0.008581941294907084,0.06983131091126538,0.5951148723269734,0.37148181309880923,0.7091470154855738,2
27.49567196120193,181.97985158977937,548.5170920760237,0.01089196702151759,0.07859526727482052,0.6000294254086523,0.38201668637596725,0.698378184789939,0
32.833193755696236,182.3045673667422,532.3991990305659,-0.008532450412813516,-0.0694331061456413,-0.5918296735579968,-0.37095192551188577,-0.7122068151289906,1
25.414362143453417,186.70071395362805,568.4897294498144,0.008576348827338282,0.06978609499911957,0.5947366935137589,0.37129411667567735,0.7095669746372892,2
26.775517626883808,163.36986311411755,520.9486416311202,0.008602212966800707,0.06999492386779899,0.5964762733487868,0.37206367934109336,0.7076802854481157,2
23.32524018666706,189.09723615814983,537.0354807668093,-0.008527379494300442,-0.06939222610399862,-0.5914905439425457,-0.3708526283644079,-0.7125442212361655,1
29.184137042444462,195.91795541375976,453.79469844294135,0.01027259788174504,0.07628445013106343,0.5992843670563726,0.37944825126113313,0.700679975750465,0
26.046979024901663,183.50577378228527,511.173759214595,-0.008093238197720162,-0.07177760622275221,-0.600031529876124,-0.37537463335211135,-0.7027364531107609,0
29.230440543550397,178.53963365982833,470.9442613529669,0.00856973878484226,0.06973265149269424,0.5942896916284652,0.371072226719788,0.7100627309430626,2
27.52401533941631,174.69922854337847,474.4379560509768,0.008312960043469047,0.06765770765610347,0.6004430030928511,0.3681390564293995,0.7066082114284737,1
30.69073022805962,179.25977551853623,478.6546546394704,-0.008531966983752845,-0.06942920891968286,-0.5917973436466419,-0.37094246133755854,-0.7122389942412501,1
28.582925255675434,180.86732918636628,461.6245344331914,0.008561331923785633,0.06966593181692418,0.5937609516169774,0.3715165070362415,0.7102793667806087,1
24.777568869589885,178.33436601596355,505.77836361085,0.008611412062952656,0.07006951351458986,0.5971053574987424,0.3724560114253379,0.7069355122339931,2
31.281210922125886,161.37765297964276,460.80899570775534,0.008354185402872095,0.06799090618432534,0.5999994196616908,0.3687419146793853,0.7066381966938271,1
29.809706483362163,158.75921550421413,463.78495659867895,-0.007985650589364046,-0.07212718606900383,-0.6006106705089884,-0.37596177805670994,-0.7018927712447339,0
30.01266581575433,191.56951388915118,529.1773356622264,-0.008279832528178138,-0.0673899485461414,-0.6007992503652242,-0.36765446684285696,-0.7065836772664176,1
26.892849433741134,183.98146331362523,504.40478356202624,-0.008528989766493411,-0.06940520761932872,-0.5915982360550801,-0.37088416569662086,-0.7124371103619744,1
32.065445038187036,169.5354412651498,517.1271859389644,0.008607949593460748,0.07004145630471247,0.5968691690707967,0.3723087150513445,0.7072153231598316,2
26.88402746149125,186.04018582776203,573.5784963448963,0.008606230998861212,0.07002751600067311,0.5967514647117257,0.37223530684547496,0.7073546815373705,2
27.334335370484858,202.84977914617573,540.9445684098465,-0.008138338415666042,-0.06809884512223507,-0.6006727273554544,-0.37206087456745957,-0.7043147698070139,0
30.604494345674077,169.6953700512704,538.4727075171523,-0.008083704360524267,-0.06787054155493633,-0.6010707857594758,-0.37200754510568895,-0.7040259513709538,0
29.219744312980325,190.3218692676185,538.015007178707,0.010151066522737097,0.07583077777764774,0.5991363125919723,0.3789432139096615,0.7011307784968499,0
30.607964961207408,179.6962693155834,546.0272974935785,0.008602973688760366,0.07000109444314279,0.5965283746574127,0.37209617315840504,0.7076186626778074,2
28.851816682003392,189.15244328990946,557.1123481508068,0.008556232024127839,0.06962572355050178,0.5934458040793831,0.37213189243238276,0.7102245995239016,1
26.575505870367948,161.26831320457688,543.2154437922773,0.008194481387975064,0.06669622353819264,0.6010011913541056,0.3693193709463468,0.7056098316174922,1
30.824965875135888,176.89956687835928,470.2793955652406,0.008606267140756331,0.07002780916394223,0.5967539400208861,0.3722368506120955,0.707351751411939,2
31.174236105807285,169.02767441812978,556.802386987935,-0.008594808487323606,-0.06993486252367807,-0.5959691420542051,-0.3717473987375649,-0.7082795334625228,2
26.414571924647802,184.35975234692017,492.0795433626354,0.008380331496014892,0.07084222660856537,0.5984774307354069,0.3738016669643094,0.7049881046146859,0
26.494431029078584,176.14261831388012,514.3736087747819,-0.007995383161319218,-0.06750145316355768,-0.601713984778117,-0.37192116050784946,-0.7035584968983362,0
29.839450200125356,150.30642118346145,462.941562789163,0.008588806586632263,0.06988681741742914,0.595579110778492,0.3717121846370281,0.7086308204907185,2
27.84149389007127,179.87615500459043,590.5088309261453,0.008339369010200734,0.06787115628363413,0.6001588759316013,0.3685252712628248,0.706627489665108,1
32.07415411212365,176.8127854218285,510.74394541921,0.009788397986728843,0.07447645932843265,0.5986908446361916,0.37743401587863723,0.70247439844971,0
30.52339020157721,173.41582395727394,559.330450691335,0.008564337617000076,0.06969016121787698,0.5939619157602768,0.37157516812926217,0.7100782144290166,1
27.12260962138161,198.23969238390836,495.6967104083841,-0.007910025065557163,-0.07237260525866808,-0.6010167067597051,-0.37637374292453035,-0.7012997656810058,0
29.13792048518292,164.70151646354248,497.4649148336751,0.008603441539212855,0.07000488939829475,0.5965604173688939,0.3721161571095559,0.7075807588541969,2
31.114367931403738,146.51675949994421,480.1518075787313,0.008598015692811203,0.06996127322654924,0.5962018189616105,0.3720211290525408,0.7079372606241361,2
27.398025626037064,180.37663448037853,453.7533126002663,0.008581180122616968,0.0698251567392105,0.5950634001985244,0.3714562682468339,0.7092042028628671,2
27.180268208594732,179.31581218153264,539.4816031557718,0.008611523458385265,0.07007041920223782,0.5971130573445126,0.37246081402507075,0.7069263871019519,2
33.51199663080703,177.95979935824047,498.9850362468191,0.008564943221076619,0.06969504307807858,0.5940024066079431,0.3715869853289039,0.7100376722372645,1
26.630076072049242,161.6780334152459,561.1867725871372,-0.007923010049568878,-0.07233048451466115,-0.6009470515626727,-0.37630305207280534,-0.701401583360382,0
24.848797446867952,175.7336933171441,489.70714069625984,0.008605225066922862,0.07001935642278503,0.5966825695301642,0.37219233926298656,0.707436225846905,2
28.467190534944166,167.22777724378938,535.6578562307081,0.01001954113498624,0.07533970549940155,0.5989753919950627,0.3783962500231561,0.7016183402131689,0
30.304503604340912,180.71933200080375,516.8839577488783,0.008593506287073385,0.06992481468317403,0.5958969016966816,0.3718698597247649,0.7082770375480184,2
28.28712526710558,147.36305571948733,561.5811054805995,0.00846037258339773,0.06884908486261745,0.59885554888408,0.3702937891467931,0.7067126480397729,1
25.33791726118773,199.66205258631166,559.4480431713582,0.008603250131527811,0.07000333680046576,0.5965473080081931,0.37210798124660704,0.7075962666130508,2
27.8889416983598,165.0503470012515,500.1272498891649,0.008611767434644467,0.0700724028234376,0.5971299214211007,0.37247133260029014,0.7069064005643149,2
29.24403076494215,178.12326069923188,540.684396212564,0.008314190493618414,0.07105805054078114,0.5988365930249755,0.3741648529334706,0.7044693218113147,0
24.206642124892753,185.69179017068336,484.43972107662296,0.008327718110853413,0.07101392486616409,0.5987631897458139,0.37409061091450957,0.7045754246474938,0
26.693957565298245,212.86058658989174,559.4345575437852,0.008610565350627656,0.07006262941610081,0.5970468312152707,0.3724195070182257,0.7070048643763002,2
27.740788126814266,169.0718513804055,542.4754401298238,0.01102405540490463,0.07908780671879478,0.6001862770586817,0.38256327024288006,0.697886356165782,0
28.24747470220831,188.5554739292393,499.2002916223124,0.009638702704015664,0.07391723507569695,0.5985053731042709,0.3768101633581524,0.7030282760488854,0
31.997193188288254,183.54449374734386,521.4389034225953,-0.008258724580035412,-0.06860188921605696,-0.5997951040086428,-0.3721780984725345,-0.7049502610035183,0
27.055949389424335,180.95623621807243,504.4770615661961,-0.008218342192296698,-0.07137046082405073,-0.5993558740060329,-0.3746903086671831,-0.7037175747831856,0
26.475846843154926,182.6677502420699,499.7639368171905,0.008558727874747348,0.06964580392751607,0.5936115623769349,0.3721491831407661,0.7100750021459218,1
26.374870301334894,165.7602151104702,453.2027626300054,0.008612021103807394,0.0700744652515327,0.5971474554834496,0.3724822690634922,0.7068856187921587,2
32.89052301654161,200.86724113916802,482.2790196203614,0.008610743209885148,0.07006407548065108,0.5970591251692225,0.3724271750858213,0.7069902974851726,2
31.485471020581365,164.03920797514468,529.9182651340177,0.008592721757120982,0.06991847174052204,0.5958438526969393,0.3718435403003376,0.7083361187899808,2
28.199980274544608,176.89786778177847,453.14100736566917,0.008449045546157944,0.06875606322495208,0.5986954868863368,0.37126827159256837,0.706346092145886,1
31.254908150167616,182.4357395729107,540.2309711943691,0.00846140046718355,0.06885602014014482,0.5985834764829905,0.37136275692288423,0.7063814675122544,1
27.304004342895393,176.64656521389315,553.6481653071392,0.008608027659520668,0.07004208953414529,0.5968745157144194,0.37231204957057834,0.7072089915921149,2
28.587405431388937,181.72487889893443,431.88834195823586,0.008612206009586511,0.07007596860666739,0.5971602364944082,0.3724902409217963,0.7068704696756334,2
31.0560468065395,186.8929056742286,456.0824543486278,0.008327569758676141,0.06777319741620043,0.5997962678856487,0.3703387728141699,0.7059965125089791,1
28.008001849725233,185.76689104407146,481.06966337665375,0.008528581924550109,0.06940325537844912,0.5916091692547253,0.3719392935658157,0.7118779419175214,1
27.030655084279356,170.34129369660766,386.580269066314,-0.007946344569127245,-0.07225477317082131,-0.6008218142667836,-0.3761759721017042,-0.7015845557568455,0
32.164578369837976,178.62554489720446,454.8128374571741,-0.008058527541179639,-0.06776533103904779,-0.6012541737718936,-0.3719829420428711,-0.7038927683916378,0
26.1160320797933,185.71710190094007,490.2487727365618,0.008583398773312668,0.06984381324598479,0.5952362630170221,0.3719467606171566,0.7088000885106409,1
33.377452665931926,198.2481865918702,510.47011915522774,0.008427182905747241,0.06930575414757663,0.5985658738786126,0.3723414679826281,0.7058373898277017,0
27.869903051993223,184.64559191905335,483.95020115543394,0.008138211928613377,0.0662408338554546,0.6015102907590889,0.3688880407904232,0.7054451820726104,1
28.823008864734735,202.25370208664265,502.3629215124766,0.008257872976558299,0.07124166345534894,0.5991418781908544,0.3744737169895352,0.7040276116772656,0
28.50128239981005,176.20251861917566,459.837617515759,0.008488204204852346,0.06907399776117276,0.5985554294575121,0.3707003084535484,0.7067314995116912,1
28.50242811982516,192.60358657183164,506.70767975643787,0.008564459433504382,0.0696899666149259,0.593932668200973,0.37089497413142114,0.7104582059456753,2
29.912242417530162,186.51130471482787,507.85398717215907,0.00944553290464305,0.07319541406475015,0.5982646499364958,0.3760043383044676,0.7037423956822686,0
28.308816893165872,186.7005316118471,539.4576581757544,-0.008266032541101856,-0.0672784049366775,-0.6009475995005251,-0.3674525610402304,-0.7065733415398137,1
25.82515495635204,192.67924847855846,542.807481752687,0.008576348000794952,0.06978697759064624,0.5947648994797929,0.37180939173807287,0.7092733708351724,1
26.04468703174433,165.703403724399,520.9682410566262,0.0083572744418979,0.06801587236222353,0.5999661703671152,0.3687870788519578,0.7066404191366115,1
28.675098877992585,161.0736051148303,500.63393919941507,-0.008021064905860117,-0.06760877720940274,-0.6015269958178694,-0.3719463011028441,-0.703694492063329,0
27.44690252624062,179.0285283494,498.36113109791347,-0.008110537253192484,-0.06798267105801437,-0.6008753016756198,-0.372033747446029,-0.7041678338427421,0
29.428372738008555,211.60603336128048,521.7065829496929,0.008610521145468933,0.07006227001117417,0.5970437756772008,0.3724176011973458,0.7070084847369313,2
29.58645188899724,188.55192171883178,489.57242947129674,0.008297426484544073,0.07111272149685331,0.598927518302366,0.37425682886435835,0.7043378361437131,0
27.75677595666285,180.8157460079142,492.75148998918064,-0.007913179827921982,-0.07236237251241173,-0.600999786052925,-0.3763565699262146,-0.7013245026855248,0
28.953157953744167,181.677147609672,536.350507440681,0.008169151401883401,0.0664912310475439,0.6012303899383722,0.369125229693024,0.7055357993594515,1
29.07696060144264,171.47287591476675,453.2397048294536,0.008148839016014776,0.06632684122856562,0.6014141572944431,0.368969517087329,0.7054763308726167,1
29.725358859264315,187.5751183782528,463.93226838819237,0.008576811134368707,0.06978983282901692,0.5947679563947458,0.37130963400704975,0.7095322764216098,2
26.667120100191074,162.76515976027503,507.78643772165,-0.008549102641382401,-0.06956734810186961,-0.5929432416992505,-0.3712776477833301,-0.7110967003873396,1
29.95640794309207,209.27955504874396,532.8359200683352,0.008599433746919263,0.06997238028380863,0.5962859259422947,0.37194496612014466,0.707905327312682,2
28.846732920496617,144.48066514457477,476.7644363777072,-0.008171853644376012,-0.06823889459614949,-0.600428468336908,-0.3720935491642072,-0.704491816242949,0
26.526094606665716,196.19459238972632,396.4006259045605,0.01091406945605272,0.07867769083898783,0.6000557213279933,0.3821081751112024,0.698295909960012,0
27.260935647062627,186.21633960449785,464.43042416913374,0.010852481427669125,0.07844801245692419,0.5999823983365975,0.38185321488993645,0.6985251441092903,0
30.6969607038466,172.40039602734643,524.4864092999217,0.008465925787459708,0.06889907232830005,0.5874453026999991,0.37149580451659076,0.7155977427962853,1
31.37792917536677,165.88815883359175,438.27302736263687,0.00857464158212799,0.06977229161920306,0.59462124284976,0.3712368111069324,0.7096950827467422,2
28.75414441268972,184.16155047565695,533.7675126737927,0.008566665260617433,0.06970966328653755,0.5941386831137226,0.3722040675467833,0.7095988531700931,1
30.156800427131582,177.3576572102966,524.3427232832265,0.009560006227200895,0.07362319401810993,0.598407492501121,0.376481982013939,0.7033192886028965,0
31.57135189162469,173.61548395948304,606.2408756657953,0.008412582779412788,0.0684610550807437,0.5990260027354332,0.3709893644451388,0.7062414968717228,1
33.84306342729138,190.35030550693605,583.2827137137797,0.008606565857588431,0.07003023219314682,0.5967743987850067,0.3722496100475903,0.7073275326023466,2
27.235703938007926,171.72048620159964,535.5663193316773,0.008455882373128725,0.06881137642186665,0.5986335050539453,0.3713205579849341,0.7063656718533292,1
28.241508604965397,194.93233087509722,491.2810979619276,0.008611560394881725,0.07007071951019794,0.5971156104614777,0.37246240647228784,0.706923361336275,2
30.54967785813228,189.4013427584767,559.3800982694012,0.008597529468879492,0.06995734211481888,0.5961689417261453,0.3720048195359823,0.7079739119024027,2
27.815128864547106,189.85117079791388,476.4816252195778,0.008332800532110473,0.06781806756473825,0.600229555251977,0.368429219259908,0.7066227179652697,1
29.785036884865235,210.41265108818575,436.474185601767,0.00859593038155617,0.06994441350807963,0.5960608149949853,0.37195117928147103,0.708094424535685,2
30.748900781152773,185.85978450285103,489.8919992473099,0.008426752596542589,0.0685756997577914,0.598897570995267,0.3710977604714989,0.7062821779376942,1
28.051753159215934,190.72995690444196,471.00817868936673,0.008598929011174566,0.06996865738334951,0.596263575054993,0.3720517640317083,0.7078684053885758,2
29.465062353452854,195.82743527792195,459.357740576227,0.00845348414571231,0.0687934170354718,0.5989298096281765,0.3701931594856351,0.7067079398076559,1
30.12175728751411,168.73373859387976,474.41267507401767,0.008610735841548854,0.0700640155732474,0.5970586158573086,0.37242685741435333,0.7069909009718884,2
27.236209628585776,182.34882969921935,475.7650922755165,0.008610616735628478,0.07006304719629208,0.5970503830462766,0.3724217223898184,0.7070006559356914,2
29.23582881407371,172.599071673303,530.867874797032,0.008368518673052168,0.07088078745453646,0.5985416270446324,0.3738665676590487,0.7048954476705391,0
29.272436175166657,189.4755254262206,468.6206777187479,0.008582150173585686,0.06983299972030875,0.5951289971271827,0.3714888229379552,0.709131320743223,2
27.913027386696196,180.79952062813805,533.5863172411392,-0.008355385398199435,-0.06900577207487116,-0.5990899409377772,-0.3722719339937834,-0.7054595954290346,0
28.82159482997713,178.47327868109113,504.74491423926503,0.008605636346278997,0.07002269249973013,0.5967107376179622,0.37220990674194016,0.7074028883830963,2
28.602360939940723,177.85968939344204,534.9759627805981,0.008336006272296402,0.07098688565244933,0.5987182027077687,0.37404511400218393,0.7046404327756581,0
25.5831026027001,161.06862594393206,502.8950868279237,0.00814392312971713,0.06628705599761954,0.6014586276762868,0.36893182858725776,0.70546192510457,1
29.47000438939742,179.55247350701828,542.2895239450426,0.008574043294550514,0.06976745435226027,0.5945807840838252,0.37121672821961976,0.7097399664545975,2
29.417129958143402,176.94435029823532,473.6146872884498,-0.008385028516561718,-0.0691296273704335,-0.5988735984838907,-0.37230065960927106,-0.7056156303610762,0
30.86018419565131,181.6277019084589,501.92266372970636,0.008436589899615852,0.06865529003742256,0.5988084004624972,0.37117300641115314,0.7063103949029736,1
29.155740142934576,194.85981148232366,507.9479802958568,0.00984685756837629,0.07469481555219348,0.5987630214352117,0.3776774997632691,0.702257982695814,0
28.590122791951877,166.41567025053385,515.9030501479904,0.011020876704476986,0.07907595489629216,0.6001825108269591,0.3825501215311267,0.6978981959052996,0
28.233823406249034,192.99369462878673,467.17938795747915,0.008610973501470056,0.0700659478403323,0.5970750433426406,0.3724371036758536,0.7069714354282769,2
26.430826969479355,186.08554266535992,518.4542266778649,0.008188172848511146,0.06664516983436192,0.6010582780364732,0.3692710229611202,0.7055914066711906,1
24.379796285643728,177.9948386102223,552.7816685698474,0.008345871315447716,0.07095469798000692,0.5986646427127211,0.3739909510973201,0.704717809715012,0
27.468542507490252,172.80821719867194,488.67930215497995,0.008326195903552016,0.06776208074968425,0.5998087119579418,0.37032825524470864,0.705992540542047,1
24.77771296102501,158.11465262390183,513.9342494514648,0.008602502674678002,0.06999727382558885,0.5964961152465816,0.37207605405895766,0.7076568187309228,2
27.067297423724515,162.35302793690153,457.5860540187331,0.008524848997707264,0.06937321957296436,0.5913611715023753,0.37191314501845313,0.7121005973578934,1
32.38967459249877,180.868440503881,567.5674433835256,-0.008131533036656828,-0.06618677958381443,-0.6015707048777276,-0.36883683114615695,-0.7054255931009114,1
28.076541958610704,197.06250080724107,476.57585418878716,0.008571325495138846,0.06974649115746857,0.5944291161812598,0.371711478896883,0.7096101476463932,1
26.628600270704236,180.17186571260316,457.2331075809056,-0.008240265363468259,-0.07129904046010221,-0.5992372249025019,-0.37457021141624586,-0.7038895153835903,0
29.077158927470045,189.55631998045996,455.99352999437366,-0.0081746097494392,-0.06825041137337229,-0.6004083794626968,-0.3720962347764627,-0.7045063711840848,0
28.468494670129534,181.666658404336,504.6921959571786,-0.008528575379197073,-0.06940186696110902,-0.5915705226980933,-0.370876050369936,-0.7124646771602192,1
31.351813504438763,173.26851108358449,495.74114041891903,0.00839016045529038,0.06827963768563311,0.5992292066648798,0.3708178131871354,0.7061770341691541,1
31.035395245959343,166.90055929352326,415.8302688698958,0.008208617255457093,0.06681062089437098,0.60087326510465,0.3694276978177482,0.70565108581084,1
26.918245824031345,190.20795333997205,496.7474079055871,-0.007953626475948217,-0.07223114131227505,-0.6007827150792094,-0.376136302731045,-0.7016416557477758,0
29.245162450820544,186.01516346124436,487.8569680479609,0.010078369101322484,0.07555936157411883,0.5990474565721303,0.3786409439158507,0.7014003063299477,0
25.849012052874926,180.35169576494246,484.4513210428208,-0.008332698620935488,-0.06891098057247992,-0.5992554861505482,-0.3722499332198861,-0.705340125348397,0
30.57231803357247,174.998010093453,487.6629736396689,0.00856454606783829,0.06969066707708978,0.5939385270292415,0.37089788308075045,0.7104517196189722,2
26.884368613514553,176.05883833782127,603.3410501054022,0.008521248433218751,0.0693442484890856,0.5911219579948968,0.37188789068605327,0.7123152329299022,1
25.417913338431006,178.233678835524,472.49804788240886,0.009628009352543328,0.07387728255174253,0.5984920882286427,0.3767655784797033,0.7030678258598172,0
27.321086365052018,166.4493868850214,467.34749236972897,0.008565751904868303,0.06970156198413854,0.5940564751452055,0.37160276410577064,0.7099835281175756,1
32.98549547915553,165.81752140444013,476.37617347420417,0.00834980197287236,0.06795308895746442,0.5995948766236077,0.3705089556663621,0.7060607312447671,1
27.90870947698244,180.35690273273306,449.933586292103,0.008602611351673268,0.0699981553560908,0.5965035584567844,0.3720806961365377,0.7076480153548229,2
28.5881037228187,176.61159267990465,440.5176896317057,0.008338052005199817,0.07098021119622647,0.5987070971079052,0.374033883020722,0.7046564785286259,0
28.421136917611992,179.55642358658565,511.14336679192746,-0.008161851928499757,-0.07155439277475074,-0.5996612611727341,-0.37499952496817934,-0.703274541818556,0
31.09013236018673,174.12681360329944,480.3749092388248,0.008396640622866389,0.06917814471681501,0.5987888392109888,0.37231190577015566,0.7056767330569581,0
31.502044353159036,189.44581893492287,457.0134630910583,0.008551490647137979,0.06958659867083702,0.5931029212880736,0.371324312959831,0.7109372381987022,1
27.26377021656353,179.05750650908155,563.375376963186,0.01015557651916626,0.07584761490400116,0.5991418178025656,0.3789619619736835,0.7011140542852008,0
26.053087385783847,200.3659844074072,510.4993781421753,0.00853439150352267,0.06944999969445242,0.5919951103383583,0.37197991946276615,0.711531159230609,1
24.12085108810261,180.56989789271583,534.9990857293509,-0.00807953938233869,-0.06785313677076449,-0.6011011255540641,-0.37200347623829266,-0.7040039228569684,0
28.29654474878554,166.5719991423885,523.1012305480144,-0.008363088387155774,-0.06903795699570253,-0.5990337267309859,-0.3722794008677875,-0.7055001496631987,0
28.444229242062065,176.72220503877995,528.108690337301,-0.008247362864519091,-0.07127591388826113,-0.5991987970824136,-0.374531319312872,-0.7039451807732774,0
29.736000090932574,199.66648363369055,586.7347966799601,0.008337563299924314,0.06785406050815142,0.5997057449846559,0.37041527501737154,0.7060253925865413,1
29.316308087538893,176.32111222185736,466.46090530847374,0.010814332708989379,0.07830573520294289,0.5999369026768009,0.38169524332996113,0.6986670996034051,0
31.562178029049356,163.5506093252369,475.24857726715686,0.00861183330693195,0.07007293839039419,0.5971344746272441,0.37247417255689674,0.7069010041173587,2
29.888213088370723,170.89426598441023,538.915697436515,0.008548346020119642,0.06956227576931831,0.5929220377146186,0.3720771571486316,0.710696884677744,1
29.31088808950885,168.02586877324703,486.9289068428113,0.008611158821186885,0.07006745456107362,0.5970878529713026,0.37244509338388687,0.7069562560749258,2
32.822741515892226,169.1776222198451,500.3533413987849,0.008297079111048985,0.067526475792414,0.6000724168359552,0.37010532374652194,0.7059082641763158,1
29.476156886898856,182.7404184567526,540.5371774741094,0.008610581399851209,0.0700627599024873,0.5970479405671687,0.3724201989507431,0.7070035499492168,2
28.9859896602943,160.47477083996648,472.90443989553194,-0.00793602399628153,-0.07228826234500281,-0.6008772153750852,-0.3762321852794146,-0.7015036289665437,0
28.844462753738185,190.98425886518802,477.26943974412086,0.008440737626509515,0.06869040701016231,0.5990672024565477,0.37000693692309694,0.7066991831768109,1
27.910536575708534,180.75357784120916,514.9271473771204,0.008600345771052781,0.06997977815174969,0.5963483901361394,0.37198392291975435,0.7078314936294622,2
29.04040538967627,169.733331826777,473.84226360852017,-0.00803775976268003,-0.07195793429178579,-0.60033038879564,-0.3756775564177597,-0.7023013939918623,0
30.264142884262892,180.7771782801643,537.1524548909458,0.01038230251994482,0.07669390342412612,0.59941748810197,0.3799038406989,0.7002728038069911,0
27.97767054152688,185.32176033537067,497.5378607199627,0.009862342843685592,0.07475265240980185,0.5987821163474045,0.3777419821954488,0.7022006459559188,0
28.570335913593624,172.92667415509817,473.1762201632265,0.008602383352797564,0.06999630594924454,0.5964879429680913,0.3720709572866729,0.7076664841516694,2
28.553901242806106,175.11215918229937,488.3665768791454,-0.00816558186711242,-0.06821268702093528,-0.6004741811226535,-0.37208743702854474,-0.7044586926234659,0
26.205455084086406,182.46808036510137,480.1664582368933,-0.008149083655943006,-0.06814374632752239,-0.6005944218572539,-0.3720713536340367,-0.7043715429451316,0
29.710789992603154,173.05494248709223,517.3688847367392,0.008611829692796879,0.07007290900628886,0.5971342248170769,0.3724740167433234,0.7069013001939817,2
26.04326799533758,181.11974705579883,414.12641166987675,0.009576704907022024,0.07368558979090598,0.5984282835720987,0.3765516315301584,0.7032575479816893,0
26.875040077737044,196.0589770204987,459.3550235333799,0.008228126382790276,0.06696849950479822,0.6006966912320614,0.36957718110193744,0.7057079497652722,1
29.420969169343813,201.84843122846098,505.71509746837694,0.008599492884859188,0.06997285998022093,0.5962899762792885,0.3719474921780788,0.7079005402170527,2
26.03649481951079,184.13111066093026,534.5255928035191,-0.008247000413674184,-0.06855290014874518,-0.5998806042930278,-0.3721666996561839,-0.7048884274304894,0
28.472708000863317,186.75095719774282,498.12899001165295,0.008610905847562621,0.07006539778807568,0.5970703669853671,0.3724341869065425,0.7069769767287369,2
28.8083008629648,171.12033443124432,451.6456498357765,0.008566679194459716,0.06970977538872672,0.5941396084258559,0.3722041637549294,0.7095980167713948,1
31.389827365061443,196.43194953591808,485.6823890793583,0.008215186484979849,0.06686378309980205,0.6008138108071355,0.3694780353470725,0.7056702426488414,1
29.269924498293825,193.98012768421535,509.66935501316055,0.00850064628969933,0.06917454267798873,0.5984212195310641,0.37088201192395537,0.7067398382036643,1
29.28426461778267,169.84690915964276,501.1035906139026,-0.008531279027919982,-0.06942366286844197,-0.5917513355572349,-0.37092899231331805,-0.7122847828219637,1
31.506401942571653,185.8670859722879,527.8423728840603,0.008560319555373017,0.06965777091333679,0.5936932624846865,0.37149674495412577,0.7103470943484415,1
27.875360457111807,166.61939554094184,521.8355613725099,-0.008596788814267616,-0.06995092594122553,-0.5961047749099551,-0.37183198835886894,-0.7081193634866157,2
31.82552364890591,210.95289274838314,511.9195193770564,-0.008110295127136352,-0.06798165926676925,-0.6008770657755338,-0.37203351109774063,-0.7041665538504083,0
27.81287187548068,185.1148845087474,495.1693039893063,0.01020043650603245,0.07601508410694625,0.5991965310122203,0.37914841873871385,0.7009476812674073,0
25.768723890988266,187.05233442854546,528.7246707679352,0.008560360423236173,0.06965810035763519,0.5936959950085615,0.3714975427604311,0.7103443605166058,1
30.087964600648846,179.90401329975853,556.2116106917348,0.008610930095278756,0.07006559493124942,0.5970720430288258,0.3724352322999786,0.7069749906926476,2
24.846040046161274,161.90781907820946,486.85552136235464,0.009934700153826075,0.07502288614398799,0.5988712077074952,0.37804321039371025,0.7019326719434441,0
26.72181054174965,175.1122531487515,526.5300596694669,0.008581012166892176,0.06982457510648023,0.5950767145703607,0.3719002738913127,0.7089603550249499,1
30.677575198655507,201.75435546553587,497.6375363677984,0.008607668032099416,0.07003917243302646,0.5968498853179909,0.37229668843071295,0.7072381582998556,2
28.409834155342473,181.01504596716907,531.0200467381561,-0.008181580349231108,-0.0714901734459733,-0.5995546647369461,-0.3748915752904357,-0.7034292626924739,0
29.89498861858945,175.13391596019892,504.7143785711348,0.008360527718863812,0.06803987456428545,0.5994977057246073,0.370591048039472,0.7060916746354373,1
26.587857732800146,161.87183630913293,495.98413386746705,0.008601853569267766,0.06999200862378148,0.5964516584409674,0.3720483278584029,0.7077093949671484,2
28.476833142102983,176.17045527623446,522.1519531376067,0.008415849818636105,0.06848748808791434,0.5989963922462819,0.37101435768650826,0.7062508802922968,1
28.781102839363275,174.1945910003071,542.4199681360641,0.00852410485010352,0.06936723198980668,0.5913117327293339,0.3719079282255694,0.7121449672799594,1
27.743400527356723,186.18387995085016,496.8143154867998,0.008359727673504447,0.06803340116419179,0.5995049540660763,0.37058492492316547,0.7060893673956439,1
30.281467360132044,209.951828079775,478.35522470337804,-0.00835717984100303,-0.06901326969543235,-0.5990768458605261,-0.3722736735773325,-0.705469043166383,0
29.1859074113935,182.8156478810675,490.3612989702997,0.008464040978001783,0.06888390426566267,0.5873200035913091,0.3714823127968856,0.7157090696672939,1
27.316024730484077,160.22219291041733,504.30890384780713,0.008560097138668416,0.06965597796604864,0.5936783911623608,0.371492402965932,0.7103619724309844,1
30.490635015485196,197.86097894713956,502.1497026589543,0.008306460463280511,0.0710832613738726,0.598878524855881,0.37420726768355,0.7044086924124954,0
27.051308279437727,168.71927830893085,536.8034673368405,-0.008528613452737081,-0.06940217389814846,-0.5915730689850295,-0.3708767960141221,-0.7124621444264372,1
30.749091351121265,174.75269819412011,485.36769640050454,0.008500146031800727,0.0691744473320055,0.5897197784823612,0.37173922900310535,0.7135707195791047,1
28.828885529923085,200.09089948872918,536.0333034985251,0.008611183144969002,0.07006765232295523,0.5970895342774009,0.37244614205926285,0.7069542636863867,2
30.514382111510017,159.29587103006543,460.1063067099789,-0.00853001413068651,-0.06941346570565234,-0.591666743029291,-0.3709042253101705,-0.7123689567056061,1
27.121559743552467,195.7963437980083,477.57097589861394,-0.008129945051371452,-0.06806377154148828,-0.6007338898292073,-0.3720526869244888,-0.7042704159340699,0
25.53480070124453,170.0900069575615,418.02100408123664,0.008568301498504547,0.06972103069686539,0.5941924939553935,0.3710239730976413,0.7101704398254746,2
25.61623420387425,167.74835944392947,435.11675250738557,0.008563835176799837,0.06968611097191485,0.5939283223323496,0.37156536342111557,0.710111847036711,1
29.739626332741874,180.53490182245386,547.8815289599404,-0.008113906255901911,-0.0679967493622014,-0.6008507552561504,-0.37203703589007164,-0.7041856434461639,0
30.199931499263702,145.7121607585272,492.5241076929998,0.008299073920380831,0.07110734942556668,0.5989185848008417,0.37424779156071747,0.7043507574510139,0
29.020007763102605,189.58127390748228,527.3999772228847,-0.008290179347982917,-0.06873332051662107,-0.5995656829697977,-0.3722086618280909,-0.7051160950100627,0
29.207270119280064,172.4695131318768,541.0707947708322,0.008601579439662038,0.06998978502812318,0.5964328834689756,0.3720366185455234,0.7077315965823177,2
30.234617840816256,188.27343762142687,499.80429829937736,0.008607268709834696,0.0700359333486517,0.5968225362619428,0.3722796317545479,0.7072705415581085,2
27.634551169389344,186.88310638842373,513.8434804926051,-0.008205664795247156,-0.0683801781591215,-0.6001819984637734,-0.37212648119283254,-0.7046703264756268,0
29.727588112788645,190.48964586581522,451.1095100697514,0.00990008930878188,0.07489362825396427,0.5988286196592688,0.377899138766332,0.7020608647939824,0
25.169356586863167,174.46226975455437,550.4889515054838,0.008383326445843622,0.06822642625105833,0.5996856930502131,0.3691679334013542,0.7066590274649934,1
28.011306189698075,164.25082959254144,499.5924242161369,-0.00839090955445987,-0.06915419937913841,-0.5988306723187873,-0.3723063557708496,-0.7056465777483358,0
24.41295974529826,160.2527026929407,566.0718760566319,0.008468624945462971,0.06892079375133263,0.5876247340797346,0.3715151101748171,0.7154382582653335,1
29.37007141943803,175.21935518216355,455.31238061868964,0.008492843904359646,0.06911568825648341,0.5892345054444715,0.3716875292013777,0.714004181688758,1
29.112866936942954,164.51828422942688,535.0256043827719,0.008612087722113417,0.0700750068839583,0.5971520602573521,0.37248514118410353,0.7068801609061738,2
32.19149061242602,165.93111502578128,494.45069535651237,0.008385821581794612,0.06824453166393533,0.5992685242688225,0.37078461325523515,0.7061645476007712,1
27.04094650116188,180.62615814909407,485.2367312718986,-0.008207854751469446,-0.06838932904326928,-0.6001660326769435,-0.37212861313273365,-0.7046818851809067,0
29.847050022328027,156.05459925181287,551.1280814608403,0.008521526549596998,0.06934648629624299,0.5911404357507667,0.37188984254535845,0.7122986583278196,1
28.452509837942333,154.26487603506757,477.78762096891353,0.011060985953259172,0.07922549868438113,0.6002300033073062,0.3827160163170063,0.6977487864067591,0
26.73637455119681,167.72102822773556,536.735770791377,0.00838610384539677,0.06824887303025207,0.599655784762712,0.3692085313686536,0.7066609970541835,1
26.448482665495582,187.91103957602007,462.5526839885193,0.008455140463045204,0.06880537403491911,0.5986402312642195,0.3713148841764113,0.7063635476188201,1
29.171770312496935,182.3099362053214,455.5736662418675,0.008561574120498596,0.06966788421049522,0.5937771453327819,0.37152123457006364,0.7102631620056051,1
28.735334383849494,187.54062113905596,525.4402632807926,0.008422855078363024,0.06854588829461694,0.5992599100415319,0.3697456453779019,0.706686800960174,1
31.46355641465841,174.54116183906274,455.09705392328226,0.008583965675498425,0.06984767825493184,0.5952517645582058,0.3715497481894868,0.708994879238453,2
28.706424162329363,174.06286989348848,547.7275924061498,0.008610763277730759,0.07006423864023172,0.5970605123025601,0.3724280402776762,0.7069886538576654,2
29.254059581360174,177.05444080525825,447.9058357938011,0.008537397080658232,0.06947418250647361,0.5921947670758202,0.3720009040842462,0.7113516261488849,1
27.305043617981223,157.60940072149901,508.27329096532793,0.009986922495827317,0.07521790336594934,0.5989353719364244,0.3782605378782804,0.7017392066285766,0
28.77846215954451,145.21644531273088,523.0488756062614,-0.008283681618738992,-0.06742105998838571,-0.6007578672449752,-0.36771077824096515,-0.7065865479879831,1
28.320477766229654,186.73906086820168,513.8310055978478,0.008561451530601588,0.06966689599037645,0.593768948755018,0.3715188417044664,0.7102713642712113,1
28.208289702567637,176.71652826999136,448.9902098863645,-0.008524970421427016,-0.06937280483275318,-0.5913294271063722,-0.37080543692421275,-0.7127044095657357,1
23.682624078410115,181.57066220190742,516.4968567050548,-0.008260871026982477,-0.0672366846352564,-0.6010030774468937,-0.3673770376350311,-0.7065694582749856,1
30.439387177162317,196.36343445570023,491.4829664909102,0.010714586115265963,0.07793368847312142,0.599817663591317,0.3812820370075256,0.6990381366882629,0
27.251475708709258,186.3615753465768,487.908912269764,0.008223317776970584,0.06692958593209844,0.6007402153767768,0.3695403386769543,0.7056939416569215,1
31.239421266374297,162.8239758074876,454.5930037256797,0.008320206136651813,0.06771361384240836,0.5998629645034872,0.3702823991264611,0.7059752186759003,1
27.354318198433138,189.65370742678274,485.6198600104795,0.008570744059334532,0.06974247826954712,0.5944095382999026,0.3722322094456591,0.7093539399343536,1
28.103839064184285,189.45749063140232,489.3799487612109,0.008605956571950055,0.07002528999787073,0.5967326695254598,0.37222358492676977,0.7073769293788694,2
28.33992359269505,173.1593136246594,446.230321831129,0.008462290039917632,0.06886981346789613,0.5872036018225956,0.37146977148826754,0.7158124595990225,1
32.94017835306684,177.20542059810063,495.84023988092287,0.008560170069305982,0.06965656587537165,0.593683267491003,0.37149382671963055,0.7103570939529259,1
30.784597121839084,175.62707487939971,513.4708891603037,-0.008056455398141357,-0.07189718100142116,-0.6002297290200069,-0.3755755120141863,-0.7024480023932856,0
27.833990259298872,184.88381965951834,518.934437353594,0.0086109096658735,0.07006542883226972,0.5970706309112254,0.37243435152439974,0.7069766639890934,2
25.099703742768302,158.71778247919312,517.0762591388908,0.010488772763248761,0.07709122129357478,0.59954620833727,0.38034572583128373,0.6998774193783243,0
29.91458622285919,198.74170555801945,554.8779849047729,0.008604166194786912,0.07001076741879624,0.5966100484056226,0.3721471103016098,0.7075220414977372,2
29.490215774323758,205.40338163132446,488.0269082151798,0.008351157817501238,0.06796405960700701,0.5995825936308082,0.3705193333790318,0.7060646441878771,1
28.697021185161166,189.7435329802755,506.9478190413008,0.00861057416205776,0.07006270105658854,0.5970474402815644,0.3724198869090156,0.7070041427185294,2
28.454809922723282,188.7770276603832,477.13636733891144,-0.00799408724779098,-0.07209979179492793,-0.6005653199414276,-0.3759157815563355,-0.7019589277534284,0
28.44197661007213,174.1145751997858,530.8470805239447,-0.008229292186506735,-0.07133479110944169,-0.5992966214336642,-0.3746303301352497,-0.7038034538196232,0
26.758692933539614,202.32663546174172,492.48132394818833,-0.008183779033968719,-0.0714830152760251,-0.5995427811236324,-0.37487954192282275,-0.7034465060955565,0
29.33740046774389,179.54447902977725,507.475488628141,-0.008524617070811862,-0.06936995621161397,-0.591305795064694,-0.3707985141627604,-0.7127278994795938,1
30.402878530182143,186.3579782579484,487.59910468276837,0.00858657393083458,0.06986876623853983,0.5954281376917945,0.37163727101635907,0.7087987710830412,2
26.319135513293748,179.64549254084324,494.12367945685025,0.010432430230262581,0.07688097414310643,0.5994781497887839,0.38011191990830895,0.7000866778362045,0
27.250170507517673,187.8446112249555,467.810914616706,0.008236818012208448,0.06703883586608304,0.6006180169235982,0.36964377072788995,0.7057332568496298,1
27.260308224817816,176.86902238957657,520.4117451145271,0.00860526557393771,0.07001968499385751,0.5966853438116543,0.37219406948823147,0.707432942571888,2
31.092561500646294,161.3817545018062,514.1520936653158,0.00838212964717909,0.06821465992297915,0.5993019785484733,0.3707563626160094,0.7061539195967135,1
31.022545134061364,168.82816942248175,568.5459377132659,0.008507700872863854,0.06923155044379793,0.5983451118180559,0.37098502830350794,0.7067445418162699,1
28.971491890548133,174.38578943768977,493.5747383942068,0.008610939231950145,0.07006566921584169,0.5970726745696171,0.3724356262089087,0.7069742423423516,2
28.60997899124159,161.23660427882373,431.4707745359665,0.008601585230220638,0.06998983199796778,0.5964332800580076,0.3720368658848742,0.7077311276256186,2
30.60846797439428,198.79675638059186,535.5356482829559,0.00830195236535333,0.0675659093304065,0.6000282845489544,0.3701426392643244,0.7059223822935198,1
28.38021896073842,172.937551110983,468.57942206243166,0.008409018492762073,0.06843406541262673,0.5994089805479691,0.36954344492125774,0.7066771423028075,1
31.196663544137976,186.60064246147525,516.7641876574261,-0.00806775205876829,-0.06780387920782575,-0.6011869858659796,-0.3719919583506568,-0.7039415716442029,0
29.06332252853955,174.31080923148423,543.4922350154028,-0.00801847522966811,-0.06759795501405595,-0.6015458526920671,-0.3719437668112465,-0.703680781300828,0
29.79072476530827,195.4384554804702,508.9691268409416,0.00860140636858694,0.06998838116598216,0.5964210299267981,0.37202922589351617,0.7077456128104053,2
28.42079269252781,207.50590247013332,532.7812475141981,0.008406485527787139,0.06921927816681646,0.5987169740979623,0.372321437539641,0.7057285275561213,0
28.78974627994409,164.98432800888367,457.67965029271096,-0.008247863555557934,-0.07127428234477684,-0.5991960859093001,-0.3745285754710414,-0.7039491076843646,0
30.848135510869028,184.27135910024623,502.76646052569384,-0.008336882313234624,-0.06892846125669083,-0.5992249596263449,-0.37225399146174254,-0.705362160328782,0
27.62801995242872,173.9041130937984,469.5636493871266,0.00861182723812958,0.07007288904881585,0.597134055144243,0.37247391091383536,0.7069015012910338,2
26.69477921852255,153.95209908339655,469.3146590019404,0.008307102059377205,0.06760757954185942,0.5999816471635346,0.37018206994279934,0.705937295659935,1
31.088320834405994,179.86389713333418,529.7961217196831,0.008500219404396341,0.06917503774373226,0.5897246543684301,0.37173974781627056,0.7135663615577471,1
30.110778256250484,182.55636390561338,538.4587139755001,0.008339860855267228,0.0678726511329981,0.5996849324998036,0.37043286230907896,0.7060320291624893,1
30.316816673045576,201.62147291004368,501.81064724647473,0.008580253965504164,0.06981766863703914,0.5950007711969839,0.37142518571665795,0.7092737737138718,2
29.652760852923034,178.51050500018343,519.3677716193627,0.00832574582413168,0.06775843889006457,0.599812788647987,0.37032480962903447,0.7059912392255289,1
31.9948760086805,183.03373977428703,465.80981537427704,0.009321334951047578,0.07273120972538039,0.5981090500829047,0.3754857621507405,0.70420117188032,0
23.437868967227175,172.35261944256519,521.7934297126749,0.008604518179887456,0.07001362253381117,0.5966341555351257,0.37216214509955997,0.7074935173769202,2
25.075148606116613,186.83703836533795,428.66502005775504,0.010539654425367142,0.0772810756840333,0.5996075578189293,0.38055680622004906,0.6996883912655175,0
29.298868412235635,191.0496564568066,546.6590296078738,0.00965913920473906,0.07399358818321622,0.5985307490552453,0.3768953637241547,0.7029526848772968,0
27.3765707587326,186.3650266057752,529.2027573256639,0.010070941025315229,0.07553162715648248,0.5990383650786985,0.37861005150516097,0.7014278405574291,0
30.31145710671467,191.1078131788212,486.3729505441621,0.008487630340580723,0.06907373481226295,0.5888880079892995,0.3716505356595317,0.7143133574844199,1
25.81906313792708,190.0417285815244,556.4487666332097,0.008164372307523659,0.06645255377464043,0.601273629042242,0.3690885959556231,0.7055218157332428,1
29.000220878892915,152.36893691276495,508.30827034054624,0.008568285162473255,0.06972269585677415,0.5942462551159537,0.37221524916294785,0.7095016044682829,1
31.583557770737748,161.45944786275786,522.9982269763435,0.00857172769808943,0.06974873229173974,0.594424192550391,0.37113899648271037,0.7099136316683793,2
28.64911016411886,181.3668531350377,575.390010217983,0.008209301767173702,0.06681616039779614,0.6008670701136608,0.36943294309732533,0.7056530823865682,1
27.027502011645236,178.43200486728279,482.2704787751217,0.008481289860004607,0.06902271229080893,0.5884665891755853,0.3716054551146304,0.7146890177296921,1
27.25493598517743,168.97820985651106,444.9361152648302,0.00834968689669805,0.06795454829323629,0.6000478371154141,0.3686761409165743,0.7066349541219745,1
25.47846584227977,174.60495040775584,554.3603605539158,0.008581232596070798,0.06982558099374707,0.5950669485722047,0.3714580292683727,0.709200260783257,2
29.634177233178946,189.2663739431636,465.04358696026503,0.008610642263833318,0.07006325475029393,0.5970521475977493,0.37242282298791746,0.7069985651613626,2
32.587015228217915,202.81438911118508,520.5817451749028,0.008303722623390436,0.06758304547262542,0.6005423588460389,0.3680039448128443,0.7066014095577926,1
27.754344541385713,167.94430882990548,525.7823830138266,0.008567925842928542,0.0697190863349094,0.5942018228764038,0.3716451748496281,0.7098379373834028,1
29.190549396672903,174.55827890100844,519.6787950588176,-0.008530708304929743,-0.06941906190060455,-0.5917131674157206,-0.37091781780494004,-0.7123227644841439,1
26.916410135110688,166.8307898061956,481.38576760517714,0.008607279434711202,0.07003602034308117,0.5968232707949845,0.3722800898578779,0.7072696718566567,2
31.956709935035253,159.577188211686,504.4715956665324,0.008492527182170771,0.06910893203403955,0.5985088014322681,0.3707634430857824,0.706734402993416,1
29.16684806591748,181.37011928186192,594.2513824771559,0.00861215985596761,0.07007559336002404,0.5971570462753466,0.3724882510967946,0.7068742510492305,2
31.63856638912532,186.58977729282452,511.41096947267346,0.008558143840565762,0.06964023199081182,0.5935477878094675,0.37145426673318016,0.7104926090920811,1
30.220318433582797,162.50581160565466,518.7329006174332,0.00850764210772627,0.06923107556724446,0.5983457458337864,0.37098417019564434,0.7067445027083187,1
30.556139800789268,183.02456631473976,598.6914368033127,0.008558218562616255,0.06964083434302965,0.5935527839820476,0.3714557257466038,0.7104876125058522,1
29.71949365487417,195.31456103050593,512.9608093033445,-0.00852601780319721,-0.0693812485420991,-0.5913994754968322,-0.3708259555364145,-0.7126347735367227,1
29.188242620365667,185.13971272592,568.8380705261095,0.008610890426038466,0.07006527240486875,0.5970693010141191,0.37243352203225855,0.7069782398504644,2
30.39855837491688,177.07354446608963,475.94348445985054,0.00860371853178249,0.07000713621482142,0.5965793883590967,0.3721279886719388,0.7075583158570669,2
29.750519616466157,184.5817669973776,419.22644401910986,0.010699222296272059,0.07787637782891273,0.5997992610064495,0.38121837065312675,0.6990952701822518,0
29.70139423911673,182.68119568760477,520.0763012729952,0.008535969994564224,0.06946270022597159,0.5920999683262224,0.3719909431375671,0.7114368814064101,1
29.864857994093633,192.55062227986696,497.2692990621417,0.00859757891815196,0.06995774191143266,0.5961722853647998,0.3720064782352253,0.7079701846104368,2
26.98435971969116,155.1165772750964,464.1026289568408,0.00985962255266282,0.07474249233378198,0.5987787626782797,0.37773065501167,0.7022107185971862,0
30.325402525837408,182.67908443598782,536.9035395521402,0.008455158706967988,0.06880694977520245,0.5989117577650606,0.37021762282376913,0.7067090859153825,1
30.621417241533564,180.92730425740527,437.197134440328,-0.008166179227022124,-0.06821518318377437,-0.6004698272553144,-0.3720880192290587,-0.7044618476555028,0
30.631428296249247,180.5152500979109,533.2263257341241,0.00837938273847625,0.06819455333016566,0.599728158464825,0.36911028559868336,0.7066562260750764,1
27.02478372707559,175.7122102988969,476.271553927449,0.008599155398710477,0.06997012246660113,0.596266861958401,0.371933076559301,0.7079278581747239,2
27.062950825103087,176.76598099686134,506.42135974167775,-0.00797702562233354,-0.07215518852489171,-0.600657022129425,-0.3760087932372486,-0.7018251384825408,0
28.400871878018425,175.50508353395895,462.3760153257441,0.008586100114788893,0.06986558832261582,0.5954168486246191,0.3719993641205571,0.7086186054013698,1
29.082612805770637,181.44994194404902,485.3258117841553,0.008459071076687572,0.06883717441689341,0.598604595624963,0.37134494342837976,0.7063748003869232,1
28.20035380077215,172.1370301551672,541.0178273215557,0.01003460583212512,0.07539595698340615,0.5989938600415243,0.3784589192082301,0.7015625121545788,0
27.822770819473988,181.38094219912315,429.38741405776153,-0.008044192970550612,-0.06770542819467606,-0.6013585733313895,-0.37196892640985174,-0.7038169151269142,0
24.715235495708278,173.1249913201191,538.1423101794919,0.008611148975972675,0.07006737451565442,0.5970871724503833,0.37244466892484207,0.7069570625055439,2
27.91534891426961,184.51313416690115,502.8116947446563,0.008610600074761962,0.070062911736787,0.597049231411564,0.3724210040847457,0.7070020204728458,2
27.192987236344884,183.89261715431323,531.2834736574592,-0.00830417033332055,-0.06879178006911643,-0.5994636220619161,-0.37222224764110473,-0.705189829716375,0
30.585079270267045,203.9409610131218,495.7546661345962,0.008597566891009382,0.0699572373047744,0.5961580653516747,0.37186522380282605,0.7080564124661682,2
33.9878588506176,181.69507455828887,499.79404035228674,0.00857174032304951,0.06974983510107234,0.5944568502802683,0.3717195677919685,0.7095823432460974,1
25.87467164675957,184.50331107436742,476.163284469966,0.008596193315286918,0.06994653932648599,0.5960785940409251,0.371959999388666,0.7080746116601783,2
29.22907341910822,197.44623963608865,495.486467927675,0.008562257460385725,0.06967420098970875,0.5938459671833051,0.37217360862027465,0.709863343024779,1
28.06079779284254,156.15346868829164,528.0251345357409,0.009899045067348396,0.07488972831891913,0.5988273339626733,0.37789479154758576,0.7020647321432951,0
31.745512734459076,170.51230607932342,514.6833610676017,0.008325347681397696,0.07102165755855963,0.5987760541663051,0.3741036217205835,0.7045568322826706,0
25.679712121286734,150.08593073531753,512.7984205543872,0.009455723733418245,0.07323349959033286,0.5982773886040987,0.37604687263028796,0.7037047390038454,0
31.569587166134514,177.0105047923619,516.4251536158391,0.008566425041698578,0.06970585907776816,0.594065596111239,0.3709609721450265,0.7103110123280155,2
27.729587334366208,191.50836991860626,515.6351635220465,0.00856770059886625,0.0697179928836292,0.5942074365183856,0.3722112148861582,0.7095367008646878,1
33.479810447890095,183.44614849958117,537.6633751809634,0.008598018578086742,0.06996090116053445,0.5961890013588504,0.3718845175418508,0.7080198631795144,2
26.696056121463275,193.0890069852611,432.11526973242366,0.008611196575514025,0.07006776151830114,0.5970904626155594,0.37244672108894833,0.7069531635780272,2
32.141798801608104,200.04024045234107,486.77596866564954,0.008610893004954497,0.07006529337255957,0.597069479277361,0.37243363321975487,0.7069780286179114,2
28.711826250290354,178.4602901123612,429.40508029546385,0.008471064016080464,0.06894042198936247,0.5877868713120217,0.37153254008231396,0.7152940827824404,1
30.95411277460134,183.3285408929179,526.190936122871,0.00933170340703083,0.0727699663916283,0.5981220648972149,0.3755290688001711,0.7041628826287656,0
24.89045752375839,159.27166689089242,484.2945803440864,0.010306268522432506,0.07641012697059814,0.5993252776830899,0.37958811147319677,0.7005550303036727,0
28.04804071999935,211.92416777397216,521.7975943175168,0.008240295365586285,0.06706697589979962,0.6005865394984101,0.3696704106456099,0.7057433771154882,1
28.327278338113537,183.92639620414144,529.0537556758185,0.008611041867445657,0.07006650368215847,0.5970797689221667,0.3724400511461491,0.7069658357133116,2
28.165526215301387,182.6400323674175,499.8526088366766,0.008574196104715753,0.06976868985115695,0.594591117766976,0.3712218576746353,0.7097285031156785,2
26.47043225726998,156.12145101805245,516.6800245985766,0.008611028217053633,0.07006639269926035,0.5970788253842699,0.37243946263616257,0.706966953793588,2
29.71018315655543,174.2251267935606,503.7635055218953,0.008560897009285617,0.06966242588635883,0.5937318723601672,0.37150801747472983,0.7103084640898697,1
28.841121345203224,176.7487428920475,507.8545153991978,0.008567199030891717,0.06971395762646021,0.5941741291354764,0.3722077527057632,0.7095668117271585,1
29.546225327790278,187.34357869799933,534.0271418677702,0.008579577068368295,0.0698121958299893,0.5949549976074758,0.37140246798369564,0.7093246124083327,2
26.577007853219996,154.07886864106075,461.1005472001898,0.008200056906469138,0.06674134475850568,0.600950735753428,0.36936209908704093,0.7056261084469491,1
29.805239170128708,193.2874789797927,497.4291344244783,0.00856017187081995,0.06965658039749414,0.5936833879375922,0.3714938618874176,0.7103569734519286,1
29.903081548790112,195.1883709390087,504.42010739822734,-0.008095227775758133,-0.07177113671336295,-0.6000208034135828,-0.3753637636445973,-0.7027520555897451,0
31.20546587387743,194.19009394831934,549.881464227219,0.008359187234427528,0.07091124378381262,0.5985923230760118,0.37391782449637884,0.7048222547367323,0
25.74297121255923,171.56178804684677,579.6916994257514,0.009487393228084532,0.07335185219024827,0.5983169480445784,0.37617903836467376,0.7035877030816032,0
30.956303580924704,170.58693509988123,544.040332079343,0.008351844692741346,0.06796961736709153,0.5995763709820799,0.3705245907183123,0.7060666263449829,1
29.459064730665613,173.5408353639401,516.5784066891227,0.008289285360532361,0.06746635370848776,0.6006976147951181,0.36779275659531036,0.7065907179131151,1
25.39090742347699,169.204731449434,487.2252464138328,-0.007995450619551255,-0.06750173507333958,-0.6017134936536539,-0.3719212265674426,-0.7035588541942758,0
27.111731368486165,191.32068690700117,528.3735802047556,-0.008007569246918495,-0.07205600847583732,-0.6004928260919756,-0.37584226193926834,-0.7020646483264433,0
30.721043947734856,158.44951721593313,489.7015847313648,0.008353506651799408,0.06798542038370713,0.6000067252784339,0.36873199065169665,0.7066377079045216,1
26.304594865133673,190.4673758009663,458.3992048926907,0.008607868616478491,0.07004079946376124,0.5968636230668026,0.3723052561974,0.7072218906932368,2
26.96566619599218,183.0826425473259,470.15500015279997,-0.008290985880335467,-0.06873669052097812,-0.5995597997606659,-0.37220944514849696,-0.7051203460279343,0
28.06004855343563,197.56207464026463,513.2662032128649,0.00844208398813344,0.06936801197517835,0.5984570766271238,0.372355881672152,0.7059157421049768,0
28.07666416029861,163.75367793156286,521.7091288873354,-0.008157752697291888,-0.07156773427109601,-0.5996834026115645,-0.37502194973705605,-0.7032423937234337,0
26.849085103615973,173.47960885548062,474.8837798053046,0.008486140177428134,0.06906174338954829,0.5887889671020262,0.3716399496195412,0.7144016804925637,1
27.910680957311456,178.85092185995424,489.3201941383032,0.008468348055220965,0.06891856548949346,0.5876063275337512,0.3715131305529243,0.7154546219580594,1
